video_id,title,title_len,desc_len,tags_count,published_hour,published_dayofweek,categoryId,duration_seconds,views,likes,comments
Ha4KYA3sM-0,He Found a Live Stream Near His Home (@jazkeanedj/@jazkeane),60,63,8,14,2,17,38,12671034,580495,927
8xdKo5rPZEM,Robbery encountered a frying pan warrior!#shorts #shortvideo #series #fouryou,77,0,0,12,6,24,58,23071432,642992,3478
FYWLB7x9xmE,He doesn‚Äôt allow his daughters to say that word#series,54,0,0,14,1,22,61,15740461,1002780,3216
G8xQtz8RcD0,"But according to Tanya,39 quarters looked a lot neater than 40. #shorts",71,0,0,10,1,22,59,14497020,651855,426
lBOfz9Rqalk,Pouring Bad Beer's Prank @misfitmindss,38,346,14,16,2,23,56,31357700,0,2537
G5aMbWdhmHY,They finally managed to save themselves.#shorts,47,0,0,11,0,22,59,26225101,671845,571
u4up-3gicwI,She Saved Him üíù | Going In Style | Sad Edit | Song - Kamin (Slowed) #edit #shorts,81,1043,0,8,2,24,59,13308270,0,1088
X1xUvpMrFkY,One of the stories you shouldn't miss.#shorts,45,0,0,11,0,22,60,6408184,216359,525
vI4wVcvy8pc,SIDEMEN YOU LAUGH YOU LOSE: 24 HOUR EDITION,43,1989,3,18,6,24,4866,6974365,243875,5628
GHAb_MF3w8I,How I Got PRANKED with Ice Cream.. üç®üò≠ #relatablestories #comedy #funnymemes,75,318,0,16,3,24,14,7905593,217444,2747
PcQ-0fze9bQ,He did not expect this from his wifeüò±üòè,38,0,0,15,3,22,57,25480420,603384,14507
ppwwFGUu7y0,#misspanghal,12,765,9,16,4,24,40,4272141,171693,1707
tyGjLN1RaJQ,A Toddler Fell Into A Well üò¢,28,0,0,20,6,19,33,34633748,1069337,7807
56jvMArcgT0,It Wasn‚Äôt His Friends Who Looked Away‚ÄîIt Was Him,48,792,0,15,6,1,60,12585304,553465,1879
6GRHbyq-eWM,This child should be properly disciplined#series,48,0,0,13,6,22,60,16316332,594247,3556
GRNEiyEu3K8,Chris Pratt And Millie Bobby Brown Competing For The Dog Crownüëëüî•,64,346,0,19,5,22,50,11419662,385024,1072
#NAME?,Dexter Kills The Wrong Dude | #shorts,37,29,7,5,1,24,24,10905504,450575,1428
CU_CVgS_jJw,Emma Stone on NYC Ignoring Spider Man üï∑Ô∏èü¶∏,41,647,0,18,1,22,19,9749435,378955,555
t2GNyN6L6Z4,She Tamed The Unicorn Demon | Shazam! Fury of the Gods | Kamin - Emin & Jony (slowed) #edit #shorts,99,828,0,13,2,22,59,31870392,894611,9403
qqXmeUy4UHE,Bro's Questions ‚ÅâÔ∏è,18,121,0,20,5,24,60,8363452,0,733
DFpGheK4K64,"Ordinary day in Japan, 1945 üëÄü§£ #familyguy #familyguyfunnymoments #familyguyclips",80,164,0,18,2,1,19,7669990,289539,782
LYiRQMucCuI,A true man  who has sorted his priorities straight,50,1110,13,5,3,10,30,6826275,0,813
_O8J0CYWj08,Dino Kid's older Brother uses Rizz on Fairy in 99 nights in the Forest,70,0,0,21,4,22,18,6184607,118269,6503
hPuyJlsLym4,Arresting A Clown Is No Laughing Matter ü§°,41,445,27,6,4,1,115,19809328,993107,2199
14hAAOgkwOg,In The Middle of The Flight Joke.. üòÇüòÇ | Bad Friends ft Andrew Santino and Bobby Lee,83,202,36,3,6,23,46,5485292,94952,546
rmckGuwghE0,When girls let it rip,21,0,0,21,0,23,16,6825633,183673,667
3YfTtpvUV1g,That No-Good Travis,19,0,0,7,0,1,60,8681170,210260,726
RsKr3SeZ-TQ,A poor girlüò≠üò≠üò≠#switchedatbirth #moviescene #fyp #foryou #tvshow,63,0,0,11,2,10,59,21430439,828881,784
ddE3RRQm7ys,Homer is stuck #shorts,22,0,0,17,0,22,58,9677740,306723,392
SIFGbLbF0jg,He is a good principal. | Front.of.the.Class üëÄ‚ú® #movie #shorts #edit,68,1889,0,13,0,1,58,5457886,145069,321
TmDjI-ZV8us,Angry Driver Gets Instant Karma! üòÆ‚Äçüí®,36,280,0,0,5,2,40,63093988,1441625,3238
HVe9BO9wP_I,Why porsche headlights keep getting stolen,42,0,0,11,5,2,36,43150001,605403,2626
TUK137dVE-8,Conflit fou : un conducteur descend de sa voiture face √† un bus ! #roadrage,75,0,0,16,4,19,54,88759672,1370930,16126
w4WJozTYc80,Biker Spots Smoking Car and Saves Passengers. #shorts #biker #goodpeople #save #viralmoment,91,604,29,12,1,24,36,11994200,273940,797
DK0gbKlsG58,There's always someone crazier  #bikers #roadrage,49,49,0,13,4,22,50,18895971,434790,22946
4QPFqBLJ3Qg,How impact wrenches works. #mechanical #automobile#viralvideo #editing #engineering #viralshort,95,43,0,12,4,22,11,30196238,378119,2163
FLXdA__ju18,DONT CLICK  THE SOUND,21,74,0,14,5,20,41,7082563,261110,55260
fyzSS8MeMGk,Pickup Driver Merges In front of Cammer #dashcam #driving #road,63,0,7,0,1,2,17,6751428,0,1162
Haf1BPLVTZk,This biker changed a sheriff's tyre üëÆ‚Äç‚ôÄÔ∏èüõû (Via: @Joker.Stuntz ) #short #femalesheriff,85,0,0,21,5,24,90,7905405,360982,8630
xv4wyWkKPlI,"The first hydrogen energy car can drive 1,500 kilometers on a single refuel, taking only five",93,0,0,17,2,2,10,19996096,293042,16915
Wh7JMQ4KAek,No way bro had the whole family with him #thecrewmotorfest,58,0,0,3,5,20,72,8512982,327155,8581
Xm_aW2FHoCc,The dumbest car design flaws ever,33,0,6,19,0,2,44,4675255,130389,510
w5QwMbND-Xw,One the Greatest Racing Cars ever madeüòç#topgear #thegrandtour #cars,67,67,23,17,1,2,60,1894830,42243,505
DMgHsg1opy8,He didn‚Äôt know it was my car that he was recording üòÇ,52,233,0,17,3,24,96,5241593,211543,3451
Gjjodi1rY_4,When a Biker Meets IShowSpeed‚Ä¶üò≥ #shorts #bike #biker #ishowspeed,64,0,0,0,4,22,29,2256570,51444,225
QuPpbrb72xE,Idiots blocked the road look what happen #cars #viralvideo #automobile #highlights,82,37,0,8,1,22,12,4775482,149042,7258
qfja8EN2yEQ,Ranking The Beat Human Parking Sensor!,38,38,0,14,0,22,52,22229044,578985,920
rDee7Ii_FUE,California Cop Targets Lamborghini Owner ü§®,42,0,0,22,2,22,57,2888253,85439,862
4tIDo948m1k,He Tried To End Another Rider‚Äôs Race‚Ä¶ But Karma Got Him... üò≥üèçÔ∏è,62,1693,0,16,6,22,37,3881030,68278,161
nXI_apcbvpQ,FREE FERRARI MODS. VTEC goes BWAAAAA #ferrari,45,0,0,15,2,2,58,1675819,49345,609
viCQOWR91gk,Wyd in this situation? #s1k #bmw #motorcycle #streetbike #bikelife,66,0,0,17,1,22,62,81015706,1733929,78275
2F1KJyhZ2wk,SURONSTER'S  mini Porsche review. amazing handling #shorts,58,0,0,17,2,24,36,18974910,348773,1875
3L_CA5B40Gk,He Paints Lines On Cars Perfectly ü§Ø,35,0,0,1,5,20,13,1055189,18655,50
aCVq5vvmKZw,Bikers rarest moments,21,21,0,12,2,22,36,1862559,24232,52
6804o5QUQ9Y,The $5000 Gamble that Changed Shauno's life FOREVER - The REAL Shaun Whale story,80,2887,33,8,3,24,1156,186866,9620,678
vqSSoXyKER0,COCKY Mustang GT500 gets HUMBLED!!! #toyotasupra #toyota #supra #cars #bmw,74,0,0,16,5,22,33,5907169,184614,1466
R3nuE5vzG8o,Biker KNOCKED OUT In Front Of Cops... ü§Ø @RavenR1_,49,42,0,13,5,24,45,7320811,213749,3079
SvTTFACt8UE,Dash Cam Owners Australia Weekly Submissions September Week 1,61,219,7,7,1,2,1416,194502,3923,1287
Rf-xz5kvclw,8HP90 Oil Pump Failure - PART 1 #shorts #mechaniclife #transmission #repair #dealer #howto #hellcat,99,0,0,2,0,2,134,3431807,86634,1555
sSUXFlaLnWI,Male Karen Throws Temper Tantrum And Threatens Ebiker!! | @tbbenjy  #motorcycle #karen #crashout,96,137,0,19,5,2,62,5863335,162813,10040
V9vuCByb6js,Sabrina Carpenter - Tears (Official Video),42,1855,3,4,4,10,304,34590460,854028,39352
q8SbeHhNR9k,Tom MacDonald - CHARLIE,23,774,22,16,3,10,150,4542285,507432,41816
xGaZBfJOyAc,Lady Gaga - The Dead Dance (Official Music Video),49,806,3,16,2,10,287,23656166,831218,56709
9AdW0d1nYd0,Tsham Tshay - Sonam Wangchen ft. Leczin and Alien | OFFICIAL MUSIC VIDEO | @YeshiLhendupFilms ,94,2792,0,12,5,10,240,377205,14873,466
zaS7CdVXh7s,ALCATRAZ | CHANI NATTAN | JAZZY B | INDERPAL MOGA | DR. ZEUS | NEW PUNJABI SONG 2025 | LATEST ,94,655,0,4,4,10,135,1832890,35601,1861
eNs2ZCP937Y,Tate McRae - Revolving door/Sports car (Live From the 2025 MTV VMAs),68,101,3,0,3,10,233,686208,35644,1052
3rS83uI0Wak,"POPPY, AMY LEE, COURTNEY LAPLANTE - End of You (Official Music Video)",69,3587,8,20,3,10,206,3419672,246500,12190
5Ozjel72yjQ,Twenty One Pilots - City Walls (Official Video),47,3430,2,4,4,10,595,1621056,173162,13864
-YlmnPh-6rE,For A Reason (Official Video) Karan Aujla | Tania  | Ikky | Latest Punjabi Songs 2025,85,1421,27,8,4,10,189,56115215,642121,12317
5oQVTnq-UKk,aespa ÏóêÏä§Ìåå 'Rich Man' MV,23,539,16,4,4,10,210,28666485,771070,29462
nYLkyW2dDXU,"Bijuria | Sunny Sanskari Ki Tulsi Kumari | Varun, Janhvi,Sanya, Rohit | Sonu, Tanishk, Ravi, Asees",98,3550,28,5,2,10,208,36042485,510454,59317
usVq_4K_m_w,"Panwadi | Sunny Sanskari Ki Tulsi Kumari | Varun, Janhvi, Rohit, Sanya| A.P.S,Khesari Lal,Masoom,Dev",100,4626,30,9,2,10,222,9126395,276824,37979
Md0iC99WmOc,MO - TheLungten (Official Video) | OST DRALA,44,1036,5,8,3,10,206,213088,5281,150
6zXNNPS7sPo,How It‚Äôs Done,13,998,10,0,3,10,177,9631081,151647,0
Ytmcwjf2amw,Your Idol,9,959,13,0,3,10,192,11013485,178993,0
s3a4OQR-10M,Tame Impala - Loser (Official Video),36,457,19,19,2,10,268,5425142,254992,8646
42wfEs7oIP8,CORTIS (ÏΩîÎ•¥Ìã∞Ïä§) 'FaSHioN' Official MV,35,2827,4,8,0,10,180,3059937,308376,18944
ym_NaT7x7Rw,Iceman (Official Video) Gur Sidhu | Kaptaan | New Punjabi Song 2025,67,862,12,5,2,10,152,4845715,81237,1239
8J-Up5QcQpc,Jaane Meriye ( Official Video ) Gulab Sidhu | Mahi Sharma | Jang Dhillon | New Punjabi Songs 2025,97,1256,21,5,4,10,253,3308483,48917,1230
pDy8B_r81vY,Fadel Chaker - Sahak Isho2  | 2025 | ŸÅÿ∂ŸÑ ÿ¥ÿßŸÉÿ± - ÿµÿ≠ÿßŸÉ ÿßŸÑÿ¥ŸàŸÇ,58,1979,29,14,0,10,242,45498150,481292,52516
xM2KfRILE9w,What It Sounds Like,19,1079,10,0,4,10,251,7002904,123243,0
4H7ZJQPPThY,KATSEYE (Ï∫£Ï∏†ÏïÑÏù¥) ‚ÄúM.I.A‚Äù Visualizer,33,611,4,16,1,10,142,1921212,195579,4978
Mh68QRg9MH8,The Weeknd - Society,20,41,0,22,3,10,174,990107,105632,7019
O8WXFI_MSAI,Ed Sheeran - Camera (Official Music Video),42,1914,28,4,4,10,224,1129437,26007,1306
nt5tXl9Vtug,Shubh - Balenci (Official Music Video),38,239,23,7,5,10,183,10243289,244846,13808
KQp_7QVTK58,Trance of OMI - #TheyCallHimOG | Pawan Kalyan | Emraan Hashmi | Sujeeth | Thaman S | DVV Danayya,96,2587,16,13,3,10,174,3254001,242487,5708
DntZ3-yCaFs,Manchild,8,987,5,10,3,10,214,3903268,60822,303
zkYGofQoYcc,Vail Purane (Official Song) Hustinder Ft Jasmeen Akhtar | Desi Crew | Timeless | Latest Punjabi Song,100,1094,21,4,2,10,180,510678,8594,122
asG7cwxi1sA,"Saiyaara Reprise - Female | Full Song | Ahaan, Aneet | Tanishk, Faheem, Arslan | Shreya | Irshad",96,3393,24,5,3,10,184,3902056,85266,2848
aSMxHAnOh6I,Fadel Chaker - Rouh El Baher  | 2025 | ŸÅÿ∂ŸÑ ÿ¥ÿßŸÉÿ± - ÿ±Ÿàÿ≠ ÿßŸÑÿ®ÿ≠ÿ±,59,1714,29,14,5,10,286,7305964,131234,18148
3pxw0Bs43Mw,Camera Angle Saved Her Careerüì∑(@t100triathlon),46,115,8,18,4,24,19,64733809,1326230,3205
0DVoI2Psi2c,Bradley Martyn just SLAPPED another person for snatching his hat üò≥. #ufc #bradleymartyn,87,0,0,0,4,17,21,14285385,267655,19787
v7Me2Po5Kpg,Whose ball was THAT?! üòÖ,23,1376,16,12,5,17,32,26100106,464167,1593
ns_xylv5D4A,Shes Just Spamming The Same Move ü§£,34,75,9,14,1,24,22,12562718,423419,6898
T7XsxT2E9iI,Yuzuru Hanyu Notices Something Off... (@yuzurujenn),51,114,4,14,0,22,36,11320372,379652,570
7Bp2xllvCbs,The COLDEST Moment In Olympics History!?ü•∂üèÖ | Remco Evenepoel,60,0,0,21,6,22,48,15387206,496058,1080
Ym5en018F7E,Speed Is So Forgiving ‚ù§Ô∏è #ishowspeed #wholesome #edit,53,0,0,15,3,24,42,5341416,72122,427
yaqLgx9KQXc,fake catch.. üíÄ,14,490,21,16,3,17,20,21657723,368433,764
tKWxD5zPdDc,What Was Happening With This UFC Fighter's Leg??üò≥ü¶∂,50,335,6,15,6,17,45,14395633,347172,644
cvEToCm3TVU,When Dude Perfect HUMBLED Steph... #nba #basketball #stephencurry,65,0,0,1,3,17,50,4180446,70036,362
2ACfl8zpWdY,Coach is subbing everybody off üò≠,32,247,4,21,2,17,13,36515572,1100039,3398
uA9Zcg3vHvo,I Raced IShowSpeed,18,651,0,20,0,24,47,250713601,5616511,6931
U2g4jzwb_WU,The Impossible Basketball Ramp!,31,116,0,17,4,24,30,2143766,0,42
rPzMugQLXyA,An Old Man Made My Day.. ‚ù§Ô∏è‚Äçü©πüò≠ #relatablestories #comedy #funnymemes,68,249,0,14,3,24,11,4164697,122344,3766
X8QeFeFe030,How NBA Players Fix the Rim! (via: patthestatguy/IG) #shorts #nba #basketball,77,0,0,15,6,17,36,8684671,138446,142
Pk6G5fSKl5k,This guy booked front row seats for this,40,0,0,18,6,10,13,16092345,419877,1803
Kb9LnTGIv8k,Ranking Best Celebration Fails üòÇ,32,151,0,2,4,22,35,2860706,25502,29
WgOu8_exCjY,Kylie Cox proved them all wrongü•∂ü•∂#sketch #fooyball #edit,56,455,0,18,5,22,20,7400870,239406,297
cbdW31gqmc4,Day As A Soccer Referee ‚öΩÔ∏èü´±,27,0,0,18,4,22,59,1268020,47535,174
NxEqWhTh3Go,Look alike cam #lookalike,25,0,0,9,1,22,61,29275108,481757,994
_zwvWXpekos,Kimpembe mentality üò§,20,0,0,11,0,17,15,23954293,481682,925
eB2ODWkYADA,"iShowSpeed Actually WON MrBeast's $100,000 Soccer Challenge! üí∏",62,473,21,8,5,17,60,10474775,230650,858
3L9i7NjTA6I,Tennis Pro SURPRISED Speed..  üíÄüò≤,32,66,0,11,5,22,37,10811725,315106,617
eQnnD59Nu24,How will you teach them? #shorts,32,172,0,1,4,1,138,2177978,95906,94
DKQ-muvG-0g,True Strength Isn‚Äôt Fighting‚Ä¶ It‚Äôs Standing Fearlessly Beside a Friend üí™‚ù§Ô∏è #motivational,88,0,0,13,0,22,24,16563082,0,1532
_1fVpnaTKns,DON'T CHECK THE SOUND üò≠üò≠,24,107,0,22,1,24,39,76717911,2815893,6570
EBEZg41oFlI,Jason Bourne? #mma #combatnight #martialarts #lastresort #combatsports #florida #2025 #fighter #fyp,99,0,0,14,2,17,15,2674205,54177,1239
JZZ-sLcH49w,We have to beat it‚Ä¶üò≥‚öΩÔ∏è,22,0,0,22,5,24,10,11857232,178578,1599
9ScRvTq29sA,Ronaldo Day Makes IShowSpeed ‚Äã‚ÄãFamous üòé,39,787,2,10,2,17,41,15694057,428228,1179
8i6rj0pHPkY,Bro Lost His HatüíÄ,17,77,0,9,6,24,13,3768219,19434,24
tWIEv_aksvo,Nintendo Direct 9.12.2025,25,543,11,14,4,20,3966,4391313,145034,13962
i7olkVMpmxE,I Unlocked the New SECRET RITUAL in Steal a Brainrot!,53,1480,10,17,4,20,939,997324,19473,1273
jyhyiul2vGI,UPGRADING Subscribers Accounts in Steal a Brainrot!,51,569,20,19,3,20,1453,1784118,21221,5704
DprAK933Fdg,These people are f*cking evil..,31,541,10,0,4,20,1174,2900521,261161,53038
eBX2bkFgmGg,Rumi ADOPTED by SAJA BOYS in ROBLOX!,36,387,23,22,4,20,884,371218,7072,543
PTeCsquQsDg,BETA SQUAD AMONG US: Chunkz Shapeshifter Masterclass,52,500,0,20,4,22,2131,369821,19833,1158
iuzrW48LBSs,Building A LUXURIOUS Base In 99 NIGHTS IN THE FOREST,52,712,0,18,4,20,1277,305587,8592,2157
cj9GOaQoUfo,"I REACT To INSANE DTI SHORTS w/ ""SECRET"" ITEMS, Hacks, OUTFITS & More! | ROBLOX Dress to Impress",96,2947,54,15,1,20,573,384949,2031,323
Zdi1HJQ19sk,Minecraft's Most UNLUCKIEST Moments... (FUNNY!),47,795,22,14,5,20,923,2092499,953,83
RJ7KAnN3BfE,Testing Scary Minecraft Myths Trapped Inside Paintings‚Ä¶,55,866,17,2,5,20,1342,255760,5999,1465
2NMTl3b9Ssg,I Downloaded HACKS In Grow A Garden..,37,1697,21,18,4,20,852,612796,19079,3768
Hwxqvwn7XKA,I HAD TOO MUCH SUGAR RECORDING THIS [Kindergarten 2 Part 3],59,787,26,19,3,20,2512,2655791,231268,14125
MW166u0SqoI,[EN] Day 2 - The International 2025,35,177,0,21,4,20,42896,1684079,8451,43
DQlAOAB-A-4,I Crafted EVERY NEW BRAINROT in Steal a Brainrot,48,108,8,11,4,24,1972,535704,5816,1441
3Q5qaTaiEGE,Upgrading Deer Monster to GOD in Minecraft,42,717,15,3,4,20,1098,703650,7276,599
mR8smZIiyM4,The Dark Truth Of Steal A Brainrot‚Ä¶,35,230,6,17,4,20,576,306345,5540,1160
AlDuF6v_Rvk,I Built THE SCHOOL BASE in 99 Nights in the Forest! (Roblox),60,170,11,15,4,20,1493,504035,8047,813
eH-rgQOdTmo,We Bought A Giant Pool (Waterpark Sim Episode 12),49,730,13,22,3,20,4645,693985,26465,1486
eP8HQHE7lEk,GET THE CHEESE,14,1336,14,19,3,20,1245,1124123,53753,1363
cpxTrF1EiPw,Borderlands 4 - Before You Buy,30,287,10,23,4,20,736,339977,12478,2179
uvFxfde3Few,Noob to MAX REBIRTH CHALLENGE in Steal a Brainrot,49,1017,16,22,2,20,1399,1269046,14461,3647
7XQ7XChOezY,How I SCAMMED every Roblox developer.,37,106,3,3,5,20,488,263674,16018,2265
VFg4D4H4lWo,Starting Over With EVERY Chest in Grow a Garden,47,325,11,14,3,20,1569,1279698,19104,2713
VuwnO5DoaCQ,super speedy loon,17,80,0,10,4,24,1178,353744,23560,1683
K-WllBA05eo,Room Color = Biome!,19,2074,35,15,4,20,1375,209501,6783,508
yxmecxyS5gI,We Played Nuclear Nightmare Again,33,1468,12,22,2,20,1684,981655,58251,1412
iyGM7oyWA88,THE WHEEL PICKS MY DECK,23,581,7,0,2,20,6511,1039431,23041,1043
F06GCUbg1EA,I Survived as a Hardcore Assassin,33,982,10,5,4,20,2832,378258,13134,1246
w3m0Rg6m9G0,BEWARE of SAJA BOYS in Roblox!,30,456,23,21,4,20,1069,429643,14238,544
c9nKHJIupww,The Boys PEAK (CHASE MOD),25,578,25,17,4,20,5746,182910,11311,400
yVmf7IyX9R8,I can‚Äôt believe this #vlog,26,26,0,3,0,22,93,1001346,56051,148
t8MO-bfn9Uw,LATE NIGHT ROUTINE AS A MOMüò¥ can‚Äôt believe my whole family is sick againüò≠ #vlog #momlife,88,142,0,16,2,22,64,719144,32769,132
ah3H2z-qPYI,COME WITH US ON OUR HONEYMOON ‚ÄºÔ∏è,32,158,0,18,2,27,79,833474,54039,275
3BoSd1KpT_Y,I Let My Husband Style Me For A Week *Stuart's serving looks*,61,980,26,17,4,26,1924,374865,32842,2483
ZgmIFlg8GV4,I'M ENGAGED/ ENGAGEMENT VLOG!! üíçü©∑,33,1618,13,22,2,22,728,283810,11939,454
idh-ArDXFTI,my bachelorette/hen do retreat üë∞üèº‚Äç‚ôÄÔ∏èü•Çüêö‚ú® VLOG,44,1613,24,19,2,22,1710,32482,1812,74
MP4laQQYlOw,"weekly vlog üíå melb trip, packing orders, shopping, hot honey cheese toast, banana bread syrup!!",95,625,21,4,0,26,2631,29240,593,17
cDkWqlLSGII,"WEEKLY VLOG - unboxing, new hair, books & being a simp lol",58,494,17,8,3,26,1681,20019,918,43
0BbLZKDaGog,COME WITH ME TO SCHOOL *highschool edition*,43,173,13,14,4,22,1446,158971,10464,317
n9XHcp-Bwp8,The End of a 4-Year Journey,27,4493,20,17,2,22,1847,81577,10251,906
CGHY2NFnNDI,zygote #2 vlog,14,533,0,17,3,22,2054,619047,47020,5262
_1pDYuEC7LA,a birthday weekend in the Hamptons | Jules LeBlanc,50,499,9,19,3,24,681,56374,2861,126
nb1ZCFQ0QIo,I Hired a Professional Organizer to Clean Out My Kitchen!!,58,1179,21,15,3,26,1495,110820,4063,157
sHxr1Nx-GWA,starting our living room makeover & testing beams | MaCenna Lee,63,1956,15,22,4,24,1563,60353,6463,290
CN0vrYKm3Qo,WE MISSED THE BIRTH OF OUR BABY ,32,540,0,19,5,24,1880,656831,65543,11039
tjfHluvqbQw,Surprising My Mum With A Tattoo & A Weekend Camping,51,807,0,17,3,24,1975,98912,2662,82
cVcyApkFwZI,Nati & Amaury‚Äôs HUGE announcement!,34,1448,26,21,6,22,1651,164940,19176,1385
GiK270gG0lY,TOURING NEW HOUSES!! Cooking My Comfort Food + Our Birthday Celebration!!,73,1417,12,15,2,22,1399,155845,4773,198
9IykMsmBySQ,LAST DAY IN DEHRADUN!! - S2E23,30,449,7,6,3,22,812,618260,15689,766
3Huq6a_JWEo,üçè FiRST DAY of SCHOOLüçé *2025* MORNiNG ROUTiNE w/ My 10 KiDS! *BiG CHANGES!*,75,2137,31,17,2,22,2999,1210385,18393,1954
wxG071_yRk8,Karen Mad Because Rocket Bike ü§£ Credit @ToledoRocketMan,55,23,0,7,6,22,36,3355552,38684,143
M4ApKmnCPsA,"BACK IN POSITANO -  Family, Gardening & Coastal Days",52,1110,29,15,6,19,1261,98040,12435,990
z3RyVErwtkw,I'm giving this bedroom an EXTREME cozy makeover (best surprise reveal),71,2527,25,15,1,26,1498,104920,7716,272
HXqkmOw2hiY,"WEDDING vlogüë∞üèª‚Äç‚ôÄÔ∏è: big sis got married, life updates, spending time at home, escape room w/ friends",99,739,0,13,4,22,1205,77465,6389,239
aIC4MFTaUOk,"healing diaries üíå emotional breakdowns, feeling ‚Äútoo much‚Äù, dating anxiety & gentle love reminders",98,2638,0,19,4,26,1595,37854,3058,299
6OhNMVap0eE,The farm house gets a turbo boost,33,143,30,18,3,22,571,44670,9421,228
uCQFc7iZGJU,PRIMORSK STRIKE: RUSSIAS LARGEST OIL EXPORT HUB ON FIRE Vlog 1165: War in Ukraine,81,1221,9,20,4,22,658,33972,7275,992
Y4nkBAteplc,VLOG ‚òÖ week in my life,22,653,9,20,0,22,1452,96493,3554,180
RIF5hKME_4o,first day of sophomore year êôö *grwm & vlog*,43,352,0,19,4,26,1108,385506,17271,728
eHSPNCKM_kc,LETS HANG OUT!!! | vlog | Sophia and Cinzia | ad,48,485,0,14,5,1,2165,145134,2719,84
FYWLB7x9xmE,He doesn‚Äôt allow his daughters to say that word#series,54,0,0,14,1,22,61,15740461,1002780,3216
8xdKo5rPZEM,Robbery encountered a frying pan warrior!#shorts #shortvideo #series #fouryou,77,0,0,12,6,24,58,23071432,642992,3478
Ha4KYA3sM-0,He Found a Live Stream Near His Home (@jazkeanedj/@jazkeane),60,63,8,14,2,17,38,12671034,580495,927
tyGjLN1RaJQ,A Toddler Fell Into A Well üò¢,28,0,0,20,6,19,33,34633748,1069337,7807
G8xQtz8RcD0,"But according to Tanya,39 quarters looked a lot neater than 40. #shorts",71,0,0,10,1,22,59,14497020,651855,426
lBOfz9Rqalk,Pouring Bad Beer's Prank @misfitmindss,38,346,14,16,2,23,56,31357700,0,2537
G5aMbWdhmHY,They finally managed to save themselves.#shorts,47,0,0,11,0,22,59,26225101,671849,571
56jvMArcgT0,It Wasn‚Äôt His Friends Who Looked Away‚ÄîIt Was Him,48,792,0,15,6,1,60,12585304,553465,1879
OAIvIvax67s,Agent Reveals His Abs To Kai Cenat! üòÇüò≠,38,95,0,2,3,22,14,7379659,195052,471
3YfTtpvUV1g,That No-Good Travis,19,0,0,7,0,1,60,8681170,210259,726
GHAb_MF3w8I,How I Got PRANKED with Ice Cream.. üç®üò≠ #relatablestories #comedy #funnymemes,75,318,0,16,3,24,14,7905593,217444,2747
q9Ymee0ALJ0,A Real Dad Fights For His Family | Dan Conners A Real One | #respect #tvshow #family #love #quotes,98,3359,0,1,2,22,51,5287624,71365,1123
FM9NNBO9ohs,The way he looked at her then Drove off üíÄ #city #friends #netflix #comedy #highschool #rough #empire,100,337,0,11,4,10,12,22978140,638684,4305
t2GNyN6L6Z4,She Tamed The Unicorn Demon | Shazam! Fury of the Gods | Kamin - Emin & Jony (slowed) #edit #shorts,99,828,0,13,2,22,59,31870392,894611,9403
#NAME?,Dexter Kills The Wrong Dude | #shorts,37,29,7,5,1,24,24,10905504,450575,1428
u4up-3gicwI,She Saved Him üíù | Going In Style | Sad Edit | Song - Kamin (Slowed) #edit #shorts,81,1043,0,8,2,24,59,13308270,0,1088
dYiMygg2fkE,CHEESE HOUSE vs MICE! üè†üßÄüê≠,25,25,23,16,6,24,49,147522248,3925529,2776
ppwwFGUu7y0,#misspanghal,12,765,9,16,4,24,40,4272141,171718,1707
DFpGheK4K64,"Ordinary day in Japan, 1945 üëÄü§£ #familyguy #familyguyfunnymoments #familyguyclips",80,164,0,18,2,1,19,7669990,289539,782
LYiRQMucCuI,A true man  who has sorted his priorities straight,50,1110,13,5,3,10,30,6826275,0,813
_O8J0CYWj08,Dino Kid's older Brother uses Rizz on Fairy in 99 nights in the Forest,70,0,0,21,4,22,18,6184607,118269,6504
PcQ-0fze9bQ,He did not expect this from his wifeüò±üòè,38,0,0,15,3,22,57,25480420,603384,14507
cm0O5s_RAZ0,One of the stories you shouldn't miss.#shorts,45,0,0,10,2,22,58,7675806,248092,411
oLK3ct7-Tlw,Kai Cenat Asks Tota What His Shoe Size Is! üëüüòÇ,45,217,21,15,1,22,20,7096973,255393,1010
gR7SI9-2W7A,This series is called:Goliath S01E02 #shorts,44,0,0,1,1,22,59,6100881,187030,1339
qqXmeUy4UHE,Bro's Questions ‚ÅâÔ∏è,18,121,0,20,5,24,60,8363452,0,733
Gcxc-f7gUtw,BlacKkKlansmanÔºöRon took a photo with David Duke.,48,2212,0,23,4,1,56,11690888,533208,2592
CU_CVgS_jJw,Emma Stone on NYC Ignoring Spider Man üï∑Ô∏èü¶∏,41,647,0,18,1,22,19,9749435,378955,555
hNuSbG8BBTU,This is a wonderful scene #shorts,33,0,0,9,2,22,58,4196019,195670,287
Qk0JOvSkO_k,Give me your shoes#movie #shorts,32,0,0,17,0,22,41,12291189,161286,741
TmDjI-ZV8us,Angry Driver Gets Instant Karma! üòÆ‚Äçüí®,36,280,0,0,5,2,40,63093988,1441633,3238
HVe9BO9wP_I,Why porsche headlights keep getting stolen,42,0,0,11,5,2,36,43150001,605407,2626
w4WJozTYc80,Biker Spots Smoking Car and Saves Passengers. #shorts #biker #goodpeople #save #viralmoment,91,604,29,12,1,24,36,11994200,273940,797
TUK137dVE-8,Conflit fou : un conducteur descend de sa voiture face √† un bus ! #roadrage,75,0,0,16,4,19,54,88759672,1370930,16126
4QPFqBLJ3Qg,How impact wrenches works. #mechanical #automobile#viralvideo #editing #engineering #viralshort,95,43,0,12,4,22,11,30196238,378119,2163
Haf1BPLVTZk,This biker changed a sheriff's tyre üëÆ‚Äç‚ôÄÔ∏èüõû (Via: @Joker.Stuntz ) #short #femalesheriff,85,0,0,21,5,24,90,7905405,360982,8630
FLXdA__ju18,DONT CLICK  THE SOUND,21,74,0,14,5,20,41,7082563,261110,55260
DK0gbKlsG58,There's always someone crazier  #bikers #roadrage,49,49,0,13,4,22,50,18895971,434790,22946
Wh7JMQ4KAek,No way bro had the whole family with him #thecrewmotorfest,58,0,0,3,5,20,72,8512982,327155,8581
rDee7Ii_FUE,California Cop Targets Lamborghini Owner ü§®,42,0,0,22,2,22,57,2888253,85439,862
sSUXFlaLnWI,Male Karen Throws Temper Tantrum And Threatens Ebiker!! | @tbbenjy  #motorcycle #karen #crashout,96,137,0,19,5,2,62,5863335,162813,10040
vqSSoXyKER0,COCKY Mustang GT500 gets HUMBLED!!! #toyotasupra #toyota #supra #cars #bmw,74,0,0,16,5,22,33,5907169,184614,1466
iJBADtHn83c,The best karma is instant ü§£üòÇ,28,184,0,16,4,2,18,6866327,199302,3457
fyzSS8MeMGk,Pickup Driver Merges In front of Cammer #dashcam #driving #road,63,0,7,0,1,2,17,6751428,0,1162
xv4wyWkKPlI,"The first hydrogen energy car can drive 1,500 kilometers on a single refuel, taking only five",93,0,0,17,2,2,10,19996096,293042,16915
CHh5IgbdgnU,my grandma drove on the wrong side of the road!!!! #funny #grandparents #driving,80,0,0,17,1,10,30,2564217,53767,2728
Rf-xz5kvclw,8HP90 Oil Pump Failure - PART 1 #shorts #mechaniclife #transmission #repair #dealer #howto #hellcat,99,0,0,2,0,2,134,3431807,86634,1555
F1wzMZ6Tafw,The smartest invention #jeeplife #offroad #jeepwrangler #4x4 #cars #car #ford #offroading #shorts,97,0,0,0,5,2,10,5434717,66248,1475
Lbqny8AmDwo,Well I wasn‚Äôt expecting this‚Ä¶. #bmw335i #funny #shorts,54,0,0,14,1,22,44,1927201,77272,1886
Gjjodi1rY_4,When a Biker Meets IShowSpeed‚Ä¶üò≥ #shorts #bike #biker #ishowspeed,64,0,0,0,4,22,29,2256570,51444,225
R3nuE5vzG8o,Biker KNOCKED OUT In Front Of Cops... ü§Ø @RavenR1_,49,42,0,13,5,24,45,7320811,213749,3079
a1FP_KESNmk,#mechanic #car #explorepage #viralshorts #miracle #miracles #blessed #cars #jeep #blue #ytshorts #yt,100,0,0,21,4,24,20,47074074,810167,29946
2F1KJyhZ2wk,SURONSTER'S  mini Porsche review. amazing handling #shorts,58,0,0,17,2,24,36,18974910,348773,1875
qfja8EN2yEQ,Ranking The Beat Human Parking Sensor!,38,38,0,14,0,22,52,22229044,578985,920
x-3r0St8M8A,90‚Äôs Honda really thought this through,38,0,0,0,5,10,15,3903590,134222,2714
QuPpbrb72xE,Idiots blocked the road look what happen #cars #viralvideo #automobile #highlights,82,37,0,8,1,22,12,4775482,149042,7258
f0pL30_ugXQ,Encontrando manifestantes en Oaxaca. #ktm #390adventure #rutasypaisajes #moto #motovlog #gopro,94,0,0,0,2,22,79,9432723,213278,3497
Xm_aW2FHoCc,The dumbest car design flaws ever,33,0,6,19,0,2,44,4675255,130389,510
viCQOWR91gk,Wyd in this situation? #s1k #bmw #motorcycle #streetbike #bikelife,66,0,0,17,1,22,62,81015706,1733929,78275
g1Jv0QniP-U,Motorcycle Gang Teaches a Spoiled Couple Some Respect #kindness #gratitude #humanity,84,0,10,15,1,15,32,71859271,683361,5591
q8SbeHhNR9k,Tom MacDonald - CHARLIE,23,774,22,16,3,10,150,4542285,507432,41816
UehNbOmsrtE,YoungBoy Never Broke Again - Shark [Official Music Video],57,409,0,3,2,10,172,1403324,92406,7646
Eb8rXCzJMUc,YoungBoy Never Broke Again - NUSSIE FREESTYLE [Official Video],62,409,23,23,6,10,155,3941321,126200,8964
5Ozjel72yjQ,Twenty One Pilots - City Walls (Official Video),47,3430,2,4,4,10,595,1621056,173162,13864
UYp9gqmkAMo,YoungBoy Never Broke Again - I Forgive Them [Official Video],60,409,23,13,6,10,226,3459392,128210,8358
V9vuCByb6js,Sabrina Carpenter - Tears (Official Video),42,1855,3,4,4,10,304,34590460,854030,39352
62DCnKpDsEE,Young Thug - Miss My Dogs,25,198,40,23,3,10,427,481124,25387,3315
xGaZBfJOyAc,Lady Gaga - The Dead Dance (Official Music Video),49,806,3,16,2,10,287,23656166,831218,56709
a1OuJ5QbYSc,Young Thug - Miss My Dogs [Official Video],42,388,25,21,4,10,423,395645,41219,6028
3rS83uI0Wak,"POPPY, AMY LEE, COURTNEY LAPLANTE - End of You (Official Music Video)",69,3587,8,20,3,10,206,3419672,246500,12190
4H43ils7p6k,Veeze - L.O.A.T (Official Music Video),38,303,38,4,4,22,163,864639,30287,1016
KFjxMe-w434,CRAZY DESIGN X OMEGA EL FUERTE X DARELL X ALOFOKE MUSIC - DALE PA TI TO,71,139,18,17,1,10,152,1655314,209668,19938
6qLiMpxYGL4,Hunxho - Intimate Relationships [Official Video],48,493,26,4,4,10,155,787261,29535,739
ANs0e4LrpeA,Montana 700 - Loyalty Is Real (feat. YFN Lucci) [Official Video],64,294,25,20,4,10,135,595130,14047,316
kJQlHqLf-aE,Jax Toy (feat. Michael Kovach & Amanda Hufford) „ÄêTHE AMAZING DIGITAL CIRCUS FAN MUSIC VIDEO„Äë,92,3405,22,22,4,10,279,741499,88411,6646
vA8CKd7CfHU,Rio Da Yung Og - Easy Kill (Official Video),43,413,0,18,4,10,165,758225,20524,763
NAY8rl3YL90,Destroy Lonely - Jumanji (Official Music Video),47,242,9,1,4,10,138,493692,45295,2505
#NAME?,Key Glock - She Ready (Official Music Video),44,400,15,19,4,10,251,2795786,76517,2721
II4ZBhftNVs,Buddah Bless x Kodak Black - Owe Me [Official Video],52,500,9,4,4,10,161,610476,22074,924
fal-HNNhc2M,"Rigo Campos - Los Tucanes De Tijuana, Chalino Sanchez (Video Oficial)",69,301,5,22,3,10,241,7421588,174315,6669
eNs2ZCP937Y,Tate McRae - Revolving door/Sports car (Live From the 2025 MTV VMAs),68,101,3,0,3,10,233,686208,35643,1052
0slhR2obZSE,Joyner Lucas (Starring Mya) - NVM,33,194,3,16,4,10,444,1295817,87698,5754
NESMSBcqfVI,DOG HOUSE,9,391,5,10,0,10,191,756449,30342,1815
DLA9Y9lGSgk,Dyin' Flame (feat. T-Pain),26,555,3,10,3,10,175,671543,15833,100
WkLBlEMoiaA,Belly Gang Kushington - Friend Do Remix ft. YKNIECE (Official Music Video),74,441,31,22,1,10,172,221099,7847,238
Gld77nmF7Xs,EBK Jaaybo - 5K (Official Music Video),38,561,33,0,4,10,175,616182,23132,1090
opuDZYJuAz0,How Was I Supposed to Know (Lyrics),35,0,0,12,5,22,230,980412,31050,1157
y-rPpGpnSg0,"Stray Kids ""CREED"" Video",24,1386,48,14,4,10,171,4806919,541987,26334
HoRz_VK-NpE,LUIS VARGAS X ALOFOKE MUSIC - LA SEMILLA DE CRUSITA (PROD ALCOVER),66,334,18,19,3,10,212,1098260,241645,41343
42wfEs7oIP8,CORTIS (ÏΩîÎ•¥Ìã∞Ïä§) 'FaSHioN' Official MV,35,2827,4,8,0,10,180,3059937,308377,18944
0DVoI2Psi2c,Bradley Martyn just SLAPPED another person for snatching his hat üò≥. #ufc #bradleymartyn,87,0,0,0,4,17,21,14285385,267655,19789
3pxw0Bs43Mw,Camera Angle Saved Her Careerüì∑(@t100triathlon),46,115,8,18,4,24,19,64733809,1326230,3205
ns_xylv5D4A,Shes Just Spamming The Same Move ü§£,34,75,9,14,1,24,22,12562718,423439,6898
yaqLgx9KQXc,fake catch.. üíÄ,14,490,21,16,3,17,20,21657723,368433,764
tKWxD5zPdDc,What Was Happening With This UFC Fighter's Leg??üò≥ü¶∂,50,335,6,15,6,17,45,14395633,347172,644
EYQPxVc1psg,this rookie is INSANE..,23,413,3,14,1,17,16,4308525,48465,1602
Ym5en018F7E,Speed Is So Forgiving ‚ù§Ô∏è #ishowspeed #wholesome #edit,53,0,0,15,3,24,42,5341416,72135,427
37U_cW0OByc,Baltimore Ravens vs Buffalo Bills Game Highlights | NFL 2025 Season Week 1,74,478,0,3,0,17,1277,5581869,79228,8257
T9oh9uZINgs,This Eagles fan ü§£,17,297,0,20,1,17,14,3632140,93795,1849
T7XsxT2E9iI,Yuzuru Hanyu Notices Something Off... (@yuzurujenn),51,114,4,14,0,22,36,11320372,379652,570
tMSjn8uIpUM,You sly dog üòè #basketball,25,182,0,22,1,17,12,4494421,105230,1341
2ACfl8zpWdY,Coach is subbing everybody off üò≠,32,247,4,21,2,17,13,36515572,1100039,3398
E9NAfw8_K04,Fake switch ü§î #baseball,23,0,0,14,3,24,17,11424859,168982,4307
lHBGViBksls,when all your practices pays offüò§ #jogging #trackandfield #athletics #athlete #runners #track #run,98,0,0,19,6,20,32,9687510,402497,1450
mozDXLScokM,Who's drafting him to their fantasy teams now? üò≥ #giants #nfl #nfltiktok,72,72,0,17,0,22,26,2956784,62455,2312
GPskIx2nSJ8,Draymond Green Can't Believe Kevin Love Actually Played Defense In Game 7 Of The NBA Finals! üò≠üèÄ,95,228,0,5,2,22,14,3184891,86703,1094
v7Me2Po5Kpg,Whose ball was THAT?! üòÖ,23,1376,16,12,5,17,32,26100106,464167,1593
uA9Zcg3vHvo,I Raced IShowSpeed,18,651,0,20,0,24,47,250713601,5616511,6931
dLJr7bBTph4,He never gave up on the play and ran 170 yards like it was nothing#football#nfl#sports,86,0,0,22,4,22,22,6231104,117758,6225
cvEToCm3TVU,When Dude Perfect HUMBLED Steph... #nba #basketball #stephencurry,65,0,0,1,3,17,50,4180446,70036,362
X8QeFeFe030,How NBA Players Fix the Rim! (via: patthestatguy/IG) #shorts #nba #basketball,77,0,0,15,6,17,36,8684671,138446,142
7Bp2xllvCbs,The COLDEST Moment In Olympics History!?ü•∂üèÖ | Remco Evenepoel,60,0,0,21,6,22,48,15387206,496058,1080
EBEZg41oFlI,Jason Bourne? #mma #combatnight #martialarts #lastresort #combatsports #florida #2025 #fighter #fyp,99,0,0,14,2,17,15,2674205,54177,1239
NxEqWhTh3Go,Look alike cam #lookalike,25,0,0,9,1,22,61,29275108,481765,994
U2g4jzwb_WU,The Impossible Basketball Ramp!,31,116,0,17,4,24,30,2143766,0,42
Da8292yosAc,New York Yankees Honor Charlie Kirk üôè,37,887,23,1,3,25,10,1818862,90443,2787
w6KHuyTuKRo,Denzel washington & Mike Tyson choose 50 Cent over Jay Z & Ja Rule,66,132,0,9,6,22,22,8223596,95097,3498
_1fVpnaTKns,DON'T CHECK THE SOUND üò≠üò≠,24,107,0,22,1,24,39,76717911,2815915,6570
yJD8tft1gu4,Why Steven Adams Refuses To Sign Autographs üòÖ (@kfos1223),57,100,6,0,3,17,20,16669891,638215,1813
rPzMugQLXyA,An Old Man Made My Day.. ‚ù§Ô∏è‚Äçü©πüò≠ #relatablestories #comedy #funnymemes,68,249,0,14,3,24,11,4164697,122343,3766
tWIEv_aksvo,Nintendo Direct 9.12.2025,25,543,11,14,4,20,3966,4391313,145035,13962
Hwxqvwn7XKA,I HAD TOO MUCH SUGAR RECORDING THIS [Kindergarten 2 Part 3],59,787,26,19,3,20,2512,2655791,231268,14125
i7olkVMpmxE,I Unlocked the New SECRET RITUAL in Steal a Brainrot!,53,1480,10,17,4,20,939,997324,19473,1273
tMZYMAkr2Nc,Forest Ranger Service ,22,788,10,22,4,20,6306,264144,10647,764
eBX2bkFgmGg,Rumi ADOPTED by SAJA BOYS in ROBLOX!,36,387,23,22,4,20,884,371218,7072,543
DprAK933Fdg,These people are f*cking evil..,31,541,10,0,4,20,1174,2900521,261161,53039
b9cssnPD74o,The Super Mario Galaxy Movie Official Title Announcement | Nintendo Direct,74,357,16,13,4,20,52,748249,26107,2239
2NMTl3b9Ssg,I Downloaded HACKS In Grow A Garden..,37,1697,21,18,4,20,852,612796,19079,3768
w3m0Rg6m9G0,BEWARE of SAJA BOYS in Roblox!,30,456,23,21,4,20,1069,429643,14238,544
7XQ7XChOezY,How I SCAMMED every Roblox developer.,37,106,3,3,5,20,488,263674,16018,2265
mR8smZIiyM4,The Dark Truth Of Steal A Brainrot‚Ä¶,35,230,6,17,4,20,576,306345,5540,1160
cpxTrF1EiPw,Borderlands 4 - Before You Buy,30,287,10,23,4,20,736,339977,12478,2179
iuzrW48LBSs,Building A LUXURIOUS Base In 99 NIGHTS IN THE FOREST,52,712,0,18,4,20,1277,305587,8592,2157
lPXcp-Bx8z8,"roblox, i'm scared...",21,935,0,22,4,20,755,601731,19091,4034
thKacHNq-f0,Chosen by the STRAWBERRY ELEPHANT!,34,630,12,19,4,20,1241,310502,7166,1040
DQlAOAB-A-4,I Crafted EVERY NEW BRAINROT in Steal a Brainrot,48,108,8,11,4,24,1972,535704,5816,1441
f5naQ99ZX50,Surviving 99 nights in the forest with LAZARBEAM,48,410,0,3,5,20,5443,204414,8876,241
jyhyiul2vGI,UPGRADING Subscribers Accounts in Steal a Brainrot!,51,569,20,19,3,20,1453,1784118,21221,5704
8JTqtlwSA6k,MODDED WHEEL Picks My OP Brainrots‚Ä¶,35,159,16,21,4,22,812,170061,1772,210
RGq32mh6nZc,Heya! Where's Jax Toy?? (Jax Toy Release Teaser),48,1834,10,20,4,10,29,151850,10053,505
c9nKHJIupww,The Boys PEAK (CHASE MOD),25,578,25,17,4,20,5746,182910,11311,400
8_or1JMvfXI,I Got HUNTED by Nick Eh 30,26,578,26,19,4,20,1088,346467,9557,529
n08yuAGBTYI,The FUNNIEST 99 Nights In The Forest Videos..,45,1559,22,18,4,20,660,264036,8018,2690
AlDuF6v_Rvk,I Built THE SCHOOL BASE in 99 Nights in the Forest! (Roblox),60,170,11,15,4,20,1493,504035,8047,813
Z_uCV9MUfgY,The Lonely Path towards the Barren... üë£,39,355,0,10,4,20,25,332350,37378,4850
MtSly0Kq61o,Completing All Minecraft Advancements Blind (No Google or Help) - Day 9,71,532,0,8,5,20,28285,198151,1951,31
3jzWKvKJC1k,"30 INSANE $1,000 Spins On $2 Million Dollar Dragon Link!",56,2179,27,20,4,24,2840,144534,8097,3670
_Uopof1FZ-Y,ALL The Pokemon Updates YOU MISSED Today!,41,1935,27,15,4,20,997,232555,12091,1691
FlG8HHSypD8,Fortnite Is GETTING HATE..,26,705,27,21,4,20,732,280155,7245,587
c1f-NGGl7rU,Uber vs Lyft vs Taxi in GTA RP | OCRP,37,340,49,15,4,20,2585,148193,8876,423
t8MO-bfn9Uw,LATE NIGHT ROUTINE AS A MOMüò¥ can‚Äôt believe my whole family is sick againüò≠ #vlog #momlife,88,142,0,16,2,22,64,719144,32769,132
yVmf7IyX9R8,I can‚Äôt believe this #vlog,26,26,0,3,0,22,93,1001346,56051,148
ZgmIFlg8GV4,I'M ENGAGED/ ENGAGEMENT VLOG!! üíçü©∑,33,1618,13,22,2,22,728,283810,11939,454
3BoSd1KpT_Y,I Let My Husband Style Me For A Week *Stuart's serving looks*,61,980,26,17,4,26,1924,374865,32842,2483
ah3H2z-qPYI,COME WITH US ON OUR HONEYMOON ‚ÄºÔ∏è,32,158,0,18,2,27,79,833474,54039,275
KS4cWOvY-3E,I BOUGHT A NEW HOUSE üè†‚ù§Ô∏è‚Äçü©π,26,477,0,20,2,1,1651,187992,10464,656
CGHY2NFnNDI,zygote #2 vlog,14,533,0,17,3,22,2054,619047,47020,5262
wxG071_yRk8,Karen Mad Because Rocket Bike ü§£ Credit @ToledoRocketMan,55,23,0,7,6,22,36,3355552,38684,143
GiK270gG0lY,TOURING NEW HOUSES!! Cooking My Comfort Food + Our Birthday Celebration!!,73,1417,12,15,2,22,1399,155845,4773,198
CN0vrYKm3Qo,WE MISSED THE BIRTH OF OUR BABY ,32,540,0,19,5,24,1880,656831,65543,11039
VI3V6ISZn8k,Preparing and waiting for baby #9,33,586,0,13,4,26,1258,63454,5547,417
nb1ZCFQ0QIo,I Hired a Professional Organizer to Clean Out My Kitchen!!,58,1179,21,15,3,26,1495,110820,4063,157
3Huq6a_JWEo,üçè FiRST DAY of SCHOOLüçé *2025* MORNiNG ROUTiNE w/ My 10 KiDS! *BiG CHANGES!*,75,2137,31,17,2,22,2999,1210385,18393,1954
9x9urEveOkA,Traveling to the most amazing island I‚Äôve ever been to,54,726,0,15,2,22,61,136515,5833,44
0BbLZKDaGog,COME WITH ME TO SCHOOL *highschool edition*,43,173,13,14,4,22,1446,158971,10464,317
sHxr1Nx-GWA,starting our living room makeover & testing beams | MaCenna Lee,63,1956,15,22,4,24,1563,60353,6463,290
4Xv4woNkl_w,"If you really knew me, you'd know...",36,2986,6,19,3,26,3104,268666,17013,2524
M9cL63yT_Xc,Building Our Forever Home in Mexico ‚ù§Ô∏èüá≤üáΩ‚ù§Ô∏è Finalizing Windows & Pouring the Kitchen Counter Platform,100,570,0,0,2,22,1370,119500,8948,415
0KJ54V2XqW4,the fastest I‚Äôve ever gotten ready‚Ä¶ I do have to say we missed half of the opener tho lol ü§† #grwm,97,148,5,22,0,22,177,223248,8155,253
8Zf1OOjT0Hc,BABY IS ALMOST HERE + PACKING OUR HOSPITAL BAGS!,48,1448,8,22,1,22,1148,102336,7659,403
sWv6VYMfSyk,SURPRISING TRAVIS BEFORE CLINICALS + HARVEY‚ÄôS FIRST HAIRCUT!! (Ending With Heavy Hearts...),91,1300,0,22,4,24,1216,41818,5126,484
he_rD-Nt5Hg,The Reality Of Kesley Leaving | Are We Moving? | Healthy Snack Ideas,68,3607,13,18,6,24,1189,186252,5118,147
WlxfzFLpj9g,DITL Vlogüíñ | Birthday Prep | Leaving Benji üíî | PR Girls Tripüáµüá∑ | B-Day Trip üçπ | Dog Mom üêæ #fyp,94,0,0,16,4,22,180,30265,5264,148
qvATY2Oq9jM,"DECORATING MY HOME FOR FALL üçÇ entryway upgrade, cozy bedding, PSL",65,806,14,1,5,22,2199,36527,2366,185
RIF5hKME_4o,first day of sophomore year êôö *grwm & vlog*,43,352,0,19,4,26,1108,385506,17271,728
p4Kpm6yDpD0,OFFICIAL EMPTY HOUSE TOUR!!! I Got The Keys To My First House!,62,1943,24,1,4,22,777,244422,21163,2548
B32enfrhPzg,First Night in my Renovated camper van Solo female Vanlife,58,0,25,23,1,22,1433,336950,11560,1350
1eFPuyj8PKQ,"NEW HOUSE FALL CLEAN & DECORATE WITH ME 2025 :: New Furniture, Cleaning & Cozy Fall Decorating Ideas",100,3262,19,17,0,26,2384,103435,10585,2063
Mz7R55z9xyU,"week in my life üåºüè†üçÇ *moving series ep 2* (finding new places, date nights, hauls, new furniture)",96,732,0,14,2,22,2773,75891,5259,519
cVcyApkFwZI,Nati & Amaury‚Äôs HUGE announcement!,34,1448,26,21,6,22,1651,164940,19176,1385
QHU2vBH90Kg,AsiÃÅ se trata la migranÃÉa‚Ä¶üë®‚Äç‚öïÔ∏è‚Äãüè•‚Äã #josemota,43,275,27,12,1,24,71,1335025,37804,354
VJN1dIVaTBg,Abuela nooooüòÇüòÇ#viralvideo #suscribete #like #shorts#viral #viralshorts#youtube#rdr2 #fyp@Ronnyhc,96,0,0,19,2,22,13,4795394,68939,480
dYiMygg2fkE,CHEESE HOUSE vs MICE! üè†üßÄüê≠,25,25,23,16,6,24,49,147522248,3925529,2776
mu-WMTg8JQI,Cuando Te Aparcan Muy Cercaüöó‚ö†Ô∏è#comedia,38,6,0,16,1,24,25,1407623,19721,93
aFXyImSLHr8,Cuando el padre ayud√≥ a su hija #pelicula #cine #shorts,55,0,0,0,6,22,60,16736905,527128,1666
uj43ys9clGI,SI HICIERON 3 MINUTOS LAS HUNTRIX ü§î,35,110,0,21,2,24,31,11012427,226192,321
UA4j5bSBqQg,EL POD√ìFOBO ü¶∂ #comedia #humor #monologo #standup #standupcomedy #monologourbano,79,0,0,18,3,22,73,668294,35544,401
3Not-LVf-Jg,Pov: El que BAJA por las ESCALERAS‚Ä¶ü™úüèÉüèª #humor #comedia #shorts,62,0,0,18,4,24,54,672175,18528,58
#NAME?,üòÇ ¬°Risas Contagiosas! No podr√°s aguantar la risa ü§£üî• | #Humor #ShortsVideo #toprisass,84,808,25,20,3,24,15,1747923,24231,372
urvQaCfRpXg,POV: Cuando Los Ni√±os Se Van De Viaje Antes vs Ahora üòÇüöÄ Paul Ferrer #Short,74,267,5,19,1,24,39,2296713,41290,72
WSEsx2jQfc8,Mi Abuela la Exagerada Sketch de Comedia:  #comedia,51,841,0,16,4,23,23,30736453,354481,2301
S11-4D0sOLk,Dos a√±os sin dormir siesta ü•≤.#humor #maternidad #parodia #risas #comedia #comediante #meme #memes,97,0,0,18,2,23,49,2198559,32226,146
rMPHUeWmUg4,Chiste del Comandante Lara,26,230,14,20,0,10,32,553448,6264,93
GgLZarl2Av8,S√≥ veio na metade.,18,0,0,22,3,22,43,145235560,733063,497
fPx_PqnNKK0,Goku va a escuela LLENA de LENTES DE SOL!,41,0,0,18,5,22,22,19663336,151353,184
4IYoJw6YGx4,‚úÖOferton !!!! üòÇüòÇüòÇ #marianoypunto #humor #comedia,48,0,0,16,3,23,10,196226,2867,50
_3Pik0o9p1Y,Lo m√°s divertido que ver√°s hoy üòÇ  #humor #shorts,48,391,27,15,3,24,45,11104248,134450,1493
svdtlZJBzvI,ATAXIA DE FRIEDREICH. #humor #juandavila #comedia #standup #comedyvideo #comediante #risa #comico,97,0,0,16,6,23,47,864300,12530,24
4ZXOPpPXLuY,La peque√±a de la casa ü§©üíï #shorts #humor #tiktokvideo #comedia #Funny #latina #fyp,81,0,0,3,1,10,35,14198035,314793,1240
1olpDvqbBxU,El teclado m√°gico ü™Ñ,19,344,22,19,2,24,40,7794258,228387,2390
rjSByG81Zz4,Eli‚Äôs Failed Escape #shorts,27,1240,0,11,2,1,45,54782072,1218175,8851
R019veN_1pI,Plate washing techniqueüòÇ #funny #trending #shorts,49,0,0,5,1,23,24,61986546,185710,116
ZupY8fWAx9o,Hipot√©ticas üòé #meme #animation #animationmeme,45,0,0,17,0,24,39,5828195,87428,100
LeiPdhfoaVc,Hilarious Internet Gem You Can‚Äôt Miss ü§£ #relatable #skit #pov #fok #comedia #risas #gracioso  #fyp„Ç∑,99,0,0,18,0,22,44,7933789,103955,265
yF-AHThS0IE,La pareja t√≥xica reci√©n casada en directoüíç #shortsviral #humor #funil #comedia #novios #viralvideo,98,0,0,16,2,22,56,512655,23090,63
FcDhhIjI5vk,Hizo lo que todos so√±aban con hacer #peliculas #shorts #cine #series,68,68,0,15,4,1,54,9892504,448557,1521
3-0McJAmp-Q,Ol√© üòÇ,5,0,0,22,1,22,13,2985959,32341,79
CdTgMkQg5Fs,#funny #comedy #funnycomedy,27,0,0,10,1,22,60,13172002,0,320
b4YTaZ8U3j8,UN MAL REGALO #comedia,22,0,0,22,4,24,33,25354152,350443,1076
sIZSBRUfuBA,‚öîÔ∏èüí• Giant‚Äôs Spear Barrage vs David‚Äôs Last Stand ü™®üî•,50,1357,0,9,2,1,59,55747504,748023,9447
TUK137dVE-8,Conflit fou : un conducteur descend de sa voiture face √† un bus ! #roadrage,75,0,0,16,4,19,54,88759672,1370930,16126
f0pL30_ugXQ,Encontrando manifestantes en Oaxaca. #ktm #390adventure #rutasypaisajes #moto #motovlog #gopro,94,0,0,0,2,22,79,9432723,213278,3497
37rK8tfmoig,Este Tipo Expuso A Bugatti!,27,408,15,20,1,2,50,5213158,223656,349
QAN-ezX-nRg,üöòü§Ø TRUCOS OCULTOS SEGUÃÅN LA MARCA DE TU AUTO PARTE 4 #auto #carros,66,34,0,1,2,2,29,1990545,30752,125
ZuxMqFWc8Zo,Aston Martin Valiant #formula1 #coches #cochesdelujo #cochesdeportivos,70,0,0,12,0,22,12,692086,4788,472
DAZYyLdyKpM,Lo M√ÅS IMPRESIONANTE de un CLE 220d | ‚õΩ ¬øTu ECO consume ESTO?,61,981,8,16,0,2,80,561838,8653,356
Xp6zZskuCqI,Momentos m√°s RANDOM que me pasan #humor #risas #motos #bromas #bikers,69,0,0,16,3,23,65,5481840,167731,555
fLZWVHUxytg,El auto diminuto que vence el tr√°fico üöó,39,433,0,0,0,22,19,6681518,111110,246
g1Jv0QniP-U,Motorcycle Gang Teaches a Spoiled Couple Some Respect #kindness #gratitude #humanity,84,0,10,15,1,15,32,71859271,683361,5591
pY12NO55yhw,Compro una CBR 1000 por 3250‚Ç¨ üò± la verdad detr√°s del precio #moto #hondacbr #cbr1000rr,86,560,0,19,1,2,104,624873,18799,218
NWyg5obdXjY,¬øPor qu√© los escapes de TITANIO son una ESTAFA!,47,0,0,20,0,2,28,1135906,25006,157
zHL6xFJ0P5s,Motociclista Humilla a Conductor Furioso üò±üî• (@therealerickmunoz),64,171,12,21,2,2,54,2823412,113587,593
MSPZ7SkQHPY,GRACIAS a ELLOS pudo ir TRANQUILO a la ESCUELA ‚ô•Ô∏è (@insanosmc en IG) #shorts #wow #motos #motorcycle,100,332,8,13,5,24,21,5006028,51700,33
8SSE4qj4OpE,¬ø Cuanto cuesta realmente importar un coche de Alemania?üá©üá™,58,0,0,16,3,22,59,879297,9255,188
3T_o20CGtE4,¬øC√≥mo le cambio la llanta al Tesla? ‚ÄîHoy cumple un a√±o ¬øAlg√∫n d√≠a probaremos estos chicharrones?,96,0,0,13,6,24,29,1179926,67225,922
E7GSLk-35Uk,Tu pr√≥ximo Mercedes ser√° un BMW,31,271,0,17,0,2,51,451829,11559,394
vlYt60jWXuk,La mec√°nica es bonita hasta que no lo es üòÖüòÇ #mecanica #electronica,66,0,0,13,4,22,13,151015,2695,290
6wmFZXOvZ_I,¬øPor qu√© estas rejas destruyen bicicletas en segundos?,54,1103,0,18,0,24,43,10582155,0,332
4QPFqBLJ3Qg,How impact wrenches works. #mechanical #automobile#viralvideo #editing #engineering #viralshort,95,43,0,12,4,22,11,30196238,378119,2163
MhtvLTU5rTA,THE DEPARTURE WHEN THE TRAFFIC LIGHT TURNS GREEN,48,0,0,9,0,2,26,7740611,39347,108
sAipki3KTvo,C√≥mo reparar una l√≠nea de pl√°stico rota #mecanica #autos #taller,64,0,0,15,1,2,21,1781178,10087,21
TmDjI-ZV8us,Angry Driver Gets Instant Karma! üòÆ‚Äçüí®,36,280,0,0,5,2,40,63093988,1441633,3238
yTk66PZRZe0,¬øEl Jaecoo 7 y el Omoda 5 ESTAN BARATOS? | Telva en Al Corte Podcast,68,1353,27,16,4,2,38,500018,2906,194
iyK-c15tF7U,#police #street #highway #car #driver #power #autobahn #supercars #speed #drifting #4x4 #4wd #off,97,0,0,14,1,2,10,14782400,181535,10855
NApFnMWMqKE,Pistones CUADRADOS üî≤üí•,21,925,15,18,2,2,55,3164926,94596,661
JKqMDxJLRG4,Detalles de MotoGP,18,0,0,12,3,2,47,113153,1118,10
3D6h2NR35nU,"üëÅÔ∏èüëÑüëÅÔ∏è Tesla pasa por ti sin necesidad de conductor, maneja solo! #Tecnologia #Tesla #iPhoneTips",95,0,0,0,5,22,114,4554798,158857,387
QFqjPUuT9_I,She started knocking on my window  #automobile #golddiggerprank,63,1780,25,23,6,24,23,7726923,61392,1164
ySYKo7iPX2U,NONSTERTRUCK VS LAMBORGHINI!! üò≤ 3,33,0,0,14,1,22,18,1607140,19201,34
Jad_DU1GRRA,"INCRE√çBLE: ESTE MERCEDES ACABA DE BATIR 25 RECORDS y HA DADO ""LA VUELTA AL MUNDO"" en 7 D√çAS",91,847,16,18,0,2,86,286074,8398,355
TU0AxQ2of7I,Sergio Ramos - CIBELES (Official Video),39,1773,31,17,6,10,181,8821137,492144,24838
F4l4n7zgfCA,Yapi - DONDE TE ESCONDES? 2.0 ft JC Reyes (Video Oficial),57,475,10,22,2,10,172,2918778,30481,640
OBIc7b2ejNw,CANELITA FT MAKA - POBRE CORAZ√ìN,32,2450,27,18,4,10,192,320487,5668,179
co7F73h2g68,Fito & Fitipaldis - Los cuervos se lo pasan bien (Videoclip Oficial),68,1356,28,18,3,10,263,551509,17125,960
B7P8NMCAby8,üíïüßÉ YOGURCITO REMIX | BLESSD ‚ùå ANUEL AA ‚ùå YAN BLOCK ‚ùå LUAR LA L ‚ùå ROA  ‚ùå KRIS R,78,213,10,22,1,10,376,16620470,287725,10869
TyhBC1LiPuU,M√≠rame Ahora (Salud Mi Reina) - MTZ Manuel Turizo | Video Oficial,65,1975,32,0,4,10,190,1718738,23952,536
xGaZBfJOyAc,Lady Gaga - The Dead Dance (Official Music Video),49,806,3,16,2,10,287,23656166,831219,56709
M3OCm6QnBF8,Angeliyo El Blanco X Moncho Chavea X Big Lois | No Te Arregles M√°s #Tiktok,74,1141,16,14,2,10,196,87508,2635,1742
XIwb08GnJaE,Be√©le - top diesel (Letra),26,1576,8,17,1,22,188,392550,798,6
VEed1BGRFKY,Be√©le - si te pillara (Letra/Lyrics),36,2017,21,20,0,22,185,645763,1118,20
yYSqZ7DQD7M,Dei V - El Del Flavor (Official Video),38,388,34,22,3,10,140,879856,23061,512
9GCyD6HexgM,Milo J - Bajo De La Piel (Official Video),41,1475,16,0,4,10,210,3810158,207056,11882
ORzQ1tg6_Ds,Anto√±ito Molina - Dejemos Huellas Bonitas (Videoclip Oficial),61,1123,0,8,4,10,226,52976,3019,134
pk4Emhk_P7g,"Bel√©n Jurado - Un Mambo, Tu y Yo",32,572,8,14,4,10,193,247041,1845,86
4P_hyQm2bZA,Big Lois x Las Rodes - Ya No Tengo Nada (Videoclip Oficial) #BarrioTumbao üíø,75,2737,20,19,3,10,162,53262,2076,102
nd7M6E2LUxw,"Be√©le, Ovy On The Drums - Mi Refe (Letra/Lyrics)",48,1462,16,13,6,22,160,118455,99,0
SuUpqfrwkv0,Interferencias - MOONLIGHT'S PUPPET (REMIX) feat. Al Safir (Videoclip Oficial),78,111,4,10,4,10,125,359854,8458,255
cfOF_IItxK8,"El Alfa ""El Jefe"" x Myke Towers - SE RIEGA | Video Oficial",58,66,36,18,3,10,160,542487,45621,2228
KFjxMe-w434,CRAZY DESIGN X OMEGA EL FUERTE X DARELL X ALOFOKE MUSIC - DALE PA TI TO,71,139,18,17,1,10,152,1655314,209668,19938
aRF-QHUCblw,"Mengui y Carmelo, Borja Rubio, Alberto Toral, Barroso - INTERESES (Videoclip Oficial)",85,732,19,11,4,10,235,95070,1653,211
PPLdCuw1NN0,Rauw Alejandro - GuabanSexxx (Official Video),45,363,14,0,3,10,171,510079,34617,1548
iNrvxu_kwGA,Viva Suecia - Querer (Video Oficial),36,348,24,22,3,10,206,48038,2579,188
MiFm8hw-IJM,Yandel - Nunca Me Olvides (Letra),33,3115,19,18,1,22,244,542294,1256,2
vZsfZfRo5yo,Dani Mocanu ‚ùå Florin Cercel - Perdoname | Official Video,56,709,6,9,5,10,176,2875926,54600,1246
v5cZa_-7Uig,"Soge Culebra, Raul Clyde, Juseph, La Pantera, Lucho RK - Party Privado (Videoclip Oficial)",90,1272,25,22,3,10,258,121687,7077,290
RSTdA4QE3lM,JP Fernandez ft 3dnan - BOCAITOS,32,356,0,18,3,10,192,113584,3077,81
JzLs121KypM,Sech - Novio No (Visualizer),28,373,8,0,4,10,169,1438968,19494,649
9ddLRkrX9vg,Rauw Alejandro & Chencho Corleone - Desesperados (Letra/Lyrics),63,3747,20,11,0,22,225,700722,1773,5
rVsEhNoMHGw,Oscar El Ruso x Moncho Chavea - RUBI (Videoclip Oficial),56,760,20,16,4,10,172,88433,1708,1633
tBvq0Dzsk8M,"Enrique Iglesias - Bailando ft. Descemer Bueno, Gente De Zona (Letra/Lyrics)",76,3260,21,11,6,10,244,468815,900,3
t_lgdpIbrF0,Cucurella habla de Messi,24,524,25,17,0,22,36,3056069,74283,630
dTkZHvE3nYQ,Bar√ßa y su c√≥rner inolvidable con  Yamal y Raphinha‚öΩÔ∏èüî•,54,61,0,9,2,17,35,5294009,125801,307
#NAME?,#murillo Zion se lo toma TODO enserio üò±üò§ #humor #viral,54,0,0,1,0,23,10,19287611,167675,353
_zwvWXpekos,Kimpembe mentality üò§,20,0,0,11,0,17,15,23954293,481682,925
Sj5InRZ74do,La picantes palabras de Topuria a Paddy Pimblett,48,0,0,18,0,22,43,1349227,33149,671
nb4dAm6XhWc,El piloto no rompioÃÅ ninguna regla de las carrerasüèÅ,51,163,7,2,2,24,24,4450918,75518,88
DIncolGVZ1w,‚öΩFutbolista favorito de Joaqu√≠n üòç,33,3228,16,20,6,17,33,1081258,8228,87
fWLMYwWi3r0,Alcaraz Is So Smooth üòÆ‚Äçüí®,24,1081,34,11,0,17,11,6809952,70931,710
M4lDpVK3bm8,El Real Madrid lo rechaz√≥ y ahora es uno de los Mejores del Mundo üò±‚öΩÔ∏è #historiasreales #pedri,93,0,0,18,2,20,61,2148527,0,522
8nUgWBdpjmg,How Many Footballs Can Donnarumma Hold? üß§,41,117,10,17,3,17,51,25523723,449096,757
2fAEC9BPauQ,Carlos Alcaraz tom√≥ tres decisiones impactantes en las 24 horas posteriores a ganar el US Open#Carlo,100,0,0,8,1,22,60,848064,4500,74
gZuoha7u5VQ,ESTO NO FUE TAN F√ÅCILüò∞‚öΩÔ∏è #futbol,32,0,0,1,1,17,35,11674429,233648,195
9dcyyC15T2U,How did he miss THAT?! üò≥,24,1171,16,16,2,17,23,4382974,22610,60
msBukWWWlwg,Resumen Turqu√≠a - Espa√±a (0 - 6) | Clasificaci√≥n UEFA Copa Mundial,66,232,1,20,6,17,311,724075,9329,1262
0DVoI2Psi2c,Bradley Martyn just SLAPPED another person for snatching his hat üò≥. #ufc #bradleymartyn,87,0,0,0,4,17,21,14285385,267691,19791
LJMfwT6h2oA,"Simeone se√±ala las diferencias con el Madrid y el Bar√ßa: ""Lamine es.."" | El Partidazo de COPE",93,153,30,0,2,17,29,540086,4606,326
7KMXneXDXdw,Humiliating football skills üòç,29,0,0,6,4,22,22,12918794,113865,234
Cm6xhpmyPBY,"bro, era ramos ‚ò†Ô∏è‚ò†Ô∏è‚ò†Ô∏è",21,286,14,20,4,17,36,2406411,103657,353
5Vrt-5RiDAg,la pura cara de te falta el repeto #respect #soccer #futbol,59,0,0,8,4,17,13,5978660,170794,1426
uA9Zcg3vHvo,I Raced IShowSpeed,18,651,0,20,0,24,47,250713601,5616511,6931
c4MPj5S_uyQ,Never Give Upüî•,14,0,0,12,6,17,28,31158657,337474,2582
PfBpIXnZFvU,A esto le llamo un GOL en defensa üòé‚öΩ #futbol #soccer #deportes #skills #sports,78,0,0,19,0,17,10,2762833,33423,262
luPTGlWHCr0,The Fat Man Who Broke All the Records #shorts,45,45,0,6,1,24,47,5470786,90217,20
xbm7YLwROt0,No Debi√≥ Subestimar al Robot Portero,36,722,14,17,3,24,16,12287325,283686,556
JskWjwoBf1w,oo personeli dovecekti futbolcu?#turkey #football #istanbul #soccer #brazil #funny #fyp #ankara #,97,0,0,10,2,22,12,30020981,244687,4095
QEdqLf8D3c0,¬øJohn Cena revel√≥ el secreto de la WWE?,39,494,0,22,1,24,20,14081618,0,977
-87wqKejE2c,No Debi√≥ RETAR a ILIA TOPURIAüíÄü•ä (Karma Instant√°neo) #ufc,56,1519,19,4,1,17,49,1132685,32585,192
2FAixAdzDnw,Which Player Has The Best Pass Ft. Vancouver Whitecaps,54,212,0,18,2,17,20,14248647,200626,133
zU2I1NrxDtk,What a duo! Tom Daley and Matty Lee's last dive at #Tokyo2020 before becoming Olympic champions. ü•á,98,332,18,17,2,17,10,11870570,172028,525
2VzzgYFnXmQ,As√≠ protegen a los ni√±os en el f√∫tbol con goma reciclada,56,1365,0,22,5,24,19,9605366,0,438
YCYUxh5roUU,Nintendo Direct ‚Äì 12-09-2025,28,2141,33,14,4,20,5791,489044,20903,0
EksasI9fskU,EL NEGOCIO VA EN AUMENTO | Waterpark Simulator #3,49,140,19,16,3,20,1662,1016623,60642,1053
DL4WqdrJHdk,"EL OSCURO PASADO DE ""COSO"" || MARBELLA 3 - D√çA 7 || LOS GAMBINO üáÆüáπ",66,520,2,19,3,20,5227,219185,11917,357
tWIEv_aksvo,Nintendo Direct 9.12.2025,25,543,11,14,4,20,3966,4391313,145035,13962
JSQpuCATwg0,"GASTE $35,000 ROBUX ABRIENDO LUCKYBLOCKS EN ROBA UN BRAINROT!üí≤",62,440,21,17,4,20,1236,1155650,59967,5922
mQ_nlqV4AUg,üî¥ NUEVO LABORATORIO (NOS DAN EL SUNRISE) - Marbella,51,169,27,23,4,20,14931,165478,10419,177
oXOunZsESno,Prob√© 17 SECRETOS OCULTOS que NADIE CONOCE en STEAL A BRAINROT en ROBLOX üò®üòà,75,1286,11,19,4,20,1769,925889,21745,1476
ugc-74Blk68,üî•NINTENDO DIRECT REACCI√ìN EN DIRECTO! Por fin METROID PRIME 4! Mario Glaxy? Resident Evil? Switch 2!,100,545,22,15,4,20,11557,92872,3791,141
e8n-RuPD53E,Me vuelvo a enfrentar a Elmillor en un torneo de 20.000‚Ç¨,56,984,21,10,4,20,1801,82778,5023,188
iG_2kaF4cDU,Trailer SUPER MARIO GALAXY LA PEL√çCULA (2026),45,783,13,13,4,1,51,247015,12647,1001
BR6N_vQY_4w,"Folagor Reacciona MEGA GRENINJA, MEGA DELPHOX, MEGA CHESNAUGHT, MEGA RAICHU Y NUEVO POK√âMON",91,0,0,14,4,20,1739,132712,7449,396
gvRFHTZFkyE,Las NUEVAS GENERACIONES pasan de las CONSOLAS,45,355,2,15,3,20,1154,353893,23680,3289
z2WTXnmOHXk,CONSIGO UN BRAINROT SECRETO CON SUERTE M√ÅXIMA EN STEAL A BRAINROT,65,3029,28,18,4,24,965,61345,2332,2431
QECo0Go_0v0,Me INFILTRE en un SERVIDOR de MILLONARIOS en Steal a Brainrot,61,283,11,23,3,20,1067,2559775,16569,2193
8ZPyDDvtAjI,INTENT√â SOBREVIVIR al TSUNAMI MAS GRANDE de GTA 5 Online,56,922,8,17,4,20,1464,177674,9382,273
2tIyzTqk7mQ,JUGU√â 24 HORAS A STEAL A BRAINROT EN FORTNITE,45,715,38,20,4,20,1903,97589,3993,450
X0YzHOwNFSw,LA CARTA MAS DESAGRADABLE JAMAS CREADA... - BENIJU,50,96,23,17,4,20,1281,245191,12617,224
HL2awjFNQao,Jugamos la TORRE TROLL IMPOSIBLE de Roblox con Mandarina,56,940,0,18,4,20,1232,379904,4522,389
MTYCQyeRLGw,Sobreviviendo en UN BLOQUE de BRAINROT SECRETOS en Minecraft!,61,1027,0,3,4,20,2677,687388,9919,925
TD6Y18ffOy4,Encontr√© el Brainrot SECRETO PROHIBIDO?! En Steal a Brainrot,60,161,15,1,4,20,1450,631532,10247,971
245fWROBTCw,TORNEO FINAL DEDSAF√çO 2,23,866,6,23,3,20,19989,91727,3526,79
Lxlj0qf0r1Y,Nacho Desapareci√≥ y a NADIE le IMPORT√ì...,41,285,25,18,4,20,1268,408341,6039,277
ioD3OPfX_Kw,NUEVAS SKINS OCULTAS *ALGUNAS GRATIS* en BRAWL STARS | SNEAK PEEK,65,587,19,15,3,20,696,205866,8082,460
OV0xaC5e_X4,Compro un RELOJ DE ORO en SCHEDULE 1 #19,40,1178,19,18,4,20,2059,78383,9982,647
5d1PxA4GJ4o,Encontr√© el NUEVO RITUAL SECRETO OG?! en Steal a Brainrot,57,283,15,19,4,20,1311,835682,6971,496
W1oNsvCF5BU,Con ADMIN ABUSE Robar Brainrots ES MUY FACIL!!!!! üòà,51,643,9,18,3,20,1044,1507689,60270,3027
PxxxIhQpcX0,Hice un VIAJE EN MOTO con Mis Amigos en Minecraft!,50,253,7,18,3,20,1649,1035773,12765,342
9ZpinBNCdsk,LA OSCURA VERDAD DE STEAL A BRAINROT COMPLETO (ROBLOX),54,887,15,21,3,20,1171,1102310,10937,627
SgxZO5gnz24,Camin√© 1.000.000 de Bloques en Minecraft!,41,519,11,18,3,20,1388,154312,2210,87
bgXarF_Uq4U,Me Convert√≠ en los SAJA BOYS en Minecraft,41,654,39,18,4,20,1494,240360,2815,148
GtxfKAv8R6o,SUPER VLOG BALI ‚úàÔ∏è MADRID | ALEXANDRA PEREIRA,45,312,48,18,3,22,3059,84435,5357,236
mBuR1_Ctp7s,VLOG 14: llegamos al primer DESTINO‚úàÔ∏è nos han ESTAFADO!üòì24 horas de viaje con nosotros! ,88,710,13,12,4,22,2135,63547,2267,247
Sm2XUjpqjIo,business,8,169,11,21,3,24,1258,78292,4919,323
w_EnYObQWkw,üá∫üá∏ ABRIENDO REGALOS ü§≠ cumple de RAFA y nuestro ANIVERSARIO de BODA üíç PoleÃÅmica en USA | VLOG,92,1092,9,12,3,22,3572,39990,1808,117
B1Y-9RUhWjQ,Mucho trabajo detr√°s.... (y RECETAS DE persona VAGA) üíÉüèΩ,55,738,16,18,2,23,3025,43279,3733,205
nfxL1NgfwSU,HOY TERMINA LA OBRA?/ORDEN DE URGENCIA/SIN DINERO/0 PRESTAMOS/CAMBIO DE H√ÅBITOS/DESAYUNO DE REINAS,98,793,0,10,4,22,3063,20950,1949,133
bv4ctN0pKYc,VLOG‚ö°Ô∏è! Muchas COMPRAS Variadas + NOVEDADES MERCADONAüòç COLECCI√ìN TERRA!! MiniAD | Carla Wonderland,98,1452,33,16,3,22,1771,28160,2924,95
KVUlyZDcDjI,vlog | ME ESCAP√â a TAILANDIA‚Ä¶ üáπüá≠‚úàÔ∏èüò≥ lo que NADIE esperaba!! y NUEVO edificio de GENTLE MONSTER en üá∞üá∑,100,2005,0,17,6,22,5327,163501,9398,1385
cS5Z3BVZXdQ,VLOG: Mi primera semana de universidad en Estados Unidos üá∫üá∏,59,233,9,16,6,22,1240,70547,3453,63
BcSoROjXS1A,Llega mi madre a B√©lgica ¬ønos parecemos? üëÄ le preparo su cuarto üí´ vamos a muchas tiendas de compras,99,1010,0,19,3,24,1748,18529,2359,286
fIGaeBGnBao,"un finde de AMOR ü§ç boda, os cuento cosa de la mia, reflexiones y un mini GRWM. ",79,582,0,16,2,22,2179,24046,1068,41
H5RcLrjFVHE,Vlog 199: ¬øCu√°nto me ha costado el Material escolar para mis 9 hijos?,69,101,0,13,3,22,1190,18845,1146,67
7RT-SEpdeTQ,¬°ADI√ìS PLANCHA! üë©üèª‚Äçü¶± 7 D√çAS CON EL M√âTODO CURLY #1,50,2545,31,18,2,26,1868,32367,2624,169
7c20HcsiwR8,"hola septiembre, welcome back",29,396,12,7,6,26,2649,41470,2090,224
uDPS66-Tpe4,monta√±a rusa de emociones üìàüìâ + nueva burger NEGRA!! üçîüò±,54,491,18,18,6,24,3476,31541,1593,116
eKzGNUKROTM,üìπVlog Empiezo la dieta + recetas FACILES + adelanto NUEVA colecci√≥n de MERCADONA üíñ,82,1482,31,17,6,26,3647,26431,3410,436
2tqDrOom4Ek,CLIENTA ENOJADA POR NO SUBIR SU PEDIDO,38,33,0,22,0,24,52,4080061,204493,3580
yWaYYuGuf24,"UN VLOG MUY COMPLETO!!!!!!MAXI,TEDI,PISCINA Y MUCHO M√ÅS!!!!!",60,186,10,17,0,26,1372,18341,2582,223
m-nwX_QO6AM,"üôåüèºAVANCES DESPU√âS DE LA MUDANZA!! EN EL PISO NUEVO!! Habitaciones, camas, stor y tocador!!üõèÔ∏è",92,1090,0,13,2,22,662,18520,2509,454
wgcixPEa_X8,"üåü una semana *intentando* volver a la rutina üè†actualizaci√≥n de la casa, haul de la compra & deporte!",100,525,24,16,0,24,2389,23703,1228,63
Dzl1657qu7M,"As√≠ me comprar√© Mi Casa en Galicia, üá™üá∏. Todo lo que tienes que saber‚Ä¶",69,377,23,19,6,22,1244,129049,8715,667
9dH49LsHt_s,"REGRESO a la REALIDAD üòÖ rutina, compras y volver a COMER BIEN...",64,2924,23,13,6,26,1146,31363,3273,171
mJ-9leq1164,LE PINT√â EL CUARTO A MI BEB√â üôàüé®ü©µ,32,833,33,19,6,24,881,341040,12654,325
HCUJGZ-n_TY,"trabaj√© en cruceros 9 a√±os, me ascendieron, y renunci√©.",55,687,0,20,2,22,1483,110762,9591,1179
nsfcPd_wiiE,mi vida no siempre es instagrameable...,39,1123,14,17,3,22,1031,13060,788,28
stj18Up_6oM,‚ù§Ô∏èACLARO LO DE MI HIJA Y PREGUNTAS QUE SE REPITEN‚ÄºÔ∏èVUELVO RENOVADA PARA LA NUEVA TEMPORADAüçÇüçÑ‚Äçüü´,94,391,33,14,6,24,1241,16128,2247,170
PFJvNIYBa64,Mi compra mensual üçéy cocina conmigo | Monica Vizuete,52,1900,14,13,6,24,1716,17464,3626,740
bfUkhf5bSjU,LO VOY a PASAR muy MAL... | PREPARANDO la BOLSA para las PR√ÅCTICAS |  haul SHEIN OTO√ëO,86,1216,0,14,6,22,1445,16746,2107,141
eUF87UNMIEA,SHANGHAI NO ES PARA NOSOTROS | Jabiertzo,40,963,32,15,6,22,1529,118794,9660,418
6_VLSF1y4ZY,Final del verano y una semana en la playa,41,222,0,15,0,22,1514,75918,2801,185
CIlxlvW1nxY,Ëá™ÂÆÖÂá∫Áî£„Çí„Åó„Åü„ÅÆ„Å†„Åå„ÄÅ‰ΩïÊïÖ„ÅãÊ≥£„Åã„Å™„ÅÑËµ§„Å°„ÇÉ„Çì„ÇíÁæ©ÊØç„ÅåÈÄÜ„Åï„Å´ÊåÅ„Å°‚Ä¶„ÄêÊÑüÂãï„Äë,36,0,11,12,2,26,52,6264944,131404,1023
A_7LCSIl064,ÁáÉÂ†Ç„ÅØÈ°î„ÇíÈô§„Åë„Å∞„ÅÑ„Çç„ÅÑ„Çç„Å®„ÅÑ„ÅÑÂ≠ê„Åß„Åô #anime #ÊñâÊú®Ê•†ÈõÑ„ÅÆœàÈõ£ #saikikusuo #shorts,54,0,0,8,1,22,60,6086195,121211,411
Pnsa0hM0tv0,ü§£„Äê„Çπ„Ç´„ÉÉ„Å®Ëø∑Ë®ÄÈõÜ„Äë‰∏çÁôªÊ†°„Å´„Å™„Å£„ÅüÁßÅ„ÇíÂä©„Åë„Å¶„Åè„Çå„ÅüÂºü„Äê2chÈ¢®Ââµ‰Ωú„Äë,34,0,0,3,6,24,59,7863376,187281,206
b0VkHvlO8Xw,„Äå„ÅÇ„Çì„Åü‚Ä¶„Ç∫„Éú„É≥„ÇíÂ±•„ÅÑ„Å®„Åè„Çå„Äç#Êò†Áîª„Ç∑„ÉÜ„Ç£„Éº„Éè„É≥„Çø„Éº #„Ç∑„ÉÜ„Ç£„Éº„Éè„É≥„Çø„Éº #CITYHUNTER #Èà¥Êú®‰∫ÆÂπ≥ #ÂÜ¥ÁæΩÁç†,59,523,0,23,4,1,61,11360158,135404,1083
3WyyWg8s8cA,Ë™∞ÂΩº„Åã„Åæ„Çè„ÅöÂõ†Á∏Å„Çí„Å§„Åë„Å¶„ÅØ„ÅÑ„Åë„Å™„ÅÑÁêÜÁî±,19,373,0,23,0,22,60,5014506,60467,312
6O5WmfyhHC0,Ê≥∞ÈÄ†„ÅåÂ§©Êâç„Å†„Å®ÂàÜ„Åã„ÇãÁû¨Èñìw#„Éó„ÉÅÁü•Ë≠ò #Èù¢ÁôΩÈõÜ #Èù¢ÁôΩ„ÅÑ #shorts,36,0,0,7,2,22,59,3869877,35905,194
wz8VNa4E52I,„Ç¢„Éã„É°„ÅÆ„Ç≥„É≥„Éó„É©„Ç§„Ç¢„É≥„Çπ„ÉÅ„Çß„ÉÉ„ÇØ„ÅåÈù¢ÁôΩ„Åô„Åé„Çãw ‚ë° #ÊúàÊõú„Åã„ÇâÂ§ú„Åµ„Åã„Åó #„Éû„ÉÑ„Ç≥ #Á•ûÂõû,44,0,0,10,1,20,60,5182956,109691,614
3HxfCOwF06E,ÂΩº„ÅØÁãÇ„Å£„ÅüÊäÄ„Çí‰Ωø„Å£„Åü ü§Ø #„Ç¢„Éã„É°,17,0,0,20,0,22,39,5105595,79298,682
7QTZ5u04x4g,Â§ßÊâãÊ≥ïÂæã‰∫ãÂãôÊâÄ„Å´Â∞±ËÅ∑„Åó„Åü70Ê≠≥Â•≥ÊÄß„ÅÆÊ≠£‰Ωì,20,47,0,8,4,22,126,10757333,200453,1208
i2A84D-ip6A,Ë°ùÁ™Å„Å´ÊÑõ„ÇíËæº„ÇÅ„Å¶„ÄÄ#tiktok #tiktokvideo #youtube #shorts #youtubeshorts #„Åä„Åô„Åô„ÇÅ #„Åä„ÇÇ„Åó„Çç #Èù¢ÁôΩ„ÅÑ #„Ç¢„Éã„É° #‰ΩúÁîª #„Åô„Åî„ÅÑ #Ëçâ,95,0,0,10,1,22,33,4496560,97341,1260
O-3yjxZJItY,ÂΩº„ÅØÂΩºÂ•≥„Åå‰∏Ä‰∫∫„Å†„Å®ÊÄù„Å£„Å¶„ÅÑ„Åü ü§Ø #„Ç¢„Éã„É°,21,0,0,22,5,1,37,7252394,122325,370
ekzym32d4ls,ÂåªÂ∏´„ÅØÂΩºÂ•≥„ÅÆÂ≠ê‰æõ„ÇíÊïë„Å£„Åü„Åå„ÄÅÂΩºÂ•≥„ÅØÂΩº„ÇíË®¥„Åà„Çã„Å§„ÇÇ„Çä„Å†#clips #highlights,44,0,0,8,1,22,60,3722684,56418,399
6Ks6Mq9gVe0,„Å©„Çì„Å™Ëñ¨„Åå‰∫∫„Çí‰∏≠ÊØí„Å´„Åï„Åõ„Çã„Å®„ÅÑ„ÅÜ„ÅÆ„ÅãÔºüÔºü,20,202,0,10,2,22,49,2845956,32249,195
b8JLBq7MSAQ,Èóá„ÇíÊΩú„ÇäÊäú„Åë„Å¶ #„É§„ÇØ„Ç∂„Å®ÂÆ∂Êóè #Êò†Áîª #movie #shorts,34,34,0,11,6,1,55,5119313,45590,171
xjaM8IBMDBM,„Äê„ÇØ„É¨„Åó„Çì„Äë„Åã„Åè„Çå„Çì„Åª„Çô‰∏äÊâã„Å™„Åó„Çì„Å°„ÇÉ„Çì#shorts,27,31,0,9,4,1,59,1964052,34851,85
E5NMJJzgLxo,„ÄêÁ•ûÂõû„ÄëÂú∞ÂÖÉ„ÅÆÂ≠ê‰æõ„Åó„ÅãÁü•„Çâ„Çìw „Åì„ÅÆÈÅäÂÖ∑„ÄÅ„Å©„ÅÜ„ÇÑ„Å£„Å¶ÈÅä„Å∂„ÅÆÔºü  #ÊúàÊõú„Åã„ÇâÂ§ú„Åµ„Åã„Åó #Â§úÊõ¥„Åã„Åó #Âàá„ÇäÊäú„Åç #ÁàÜÁ¨ë #ÁàÜÁ¨ë„Ç∑„Éº„É≥ #„ÅäÁ¨ë„ÅÑ #shorts,77,0,0,13,1,22,58,15172322,264890,2401
s4S9U5LK2dM,Áæ©Âãá‰ª•Â§ñ„ÅÆÊü±„Å†„Å£„ÅüÂ†¥Âêà„ÅÆ„Å≠„Åö„Åì„ÅåÁîü„ÅçÊÆã„Çå„ÇãÁ¢∫Áéá8ÈÅ∏ÔºÅ#shorts #È¨ºÊªÖ„ÅÆÂàÉ #„Åç„ÇÅ„Å§„ÅÆ„ÇÑ„ÅÑ„Å∞,48,0,0,8,2,22,43,3004216,54233,358
cqXI3fcRCIE,„Åä„Åò„ÅÑ„Å°„ÇÉ„Çì„Å®Â§ñÁ•ñÁà∂„ÅÆÊà¶„ÅÑ#music #„ÇØ„É¨„É®„É≥„Åó„Çì„Å°„ÇÉ„Çì #„Ç≥„É≥„Éà„ÉÅ„É£„É≥„Éç„É´ #„Ç≥„É≥„Éà #„Ç¢„Éã„É° #Èù¢ÁôΩ„ÅÑ #funny #animation,73,13,0,7,1,22,56,3599778,61460,124
8OTLCgnVKFA,„ÄåËÅ∑Â†¥„ÅÆÈßÜ„ÅëÂºï„Åç„Å´„Åä„Åë„ÇãÂêçÂ†¥Èù¢„ÄÅÁöÜ„Åï„Çì„ÅØËá™Ë∫´„ÅÆÊΩîÁôΩ„ÇíË®ºÊòé„Åó„Å¶„Åè„Å†„Åï„ÅÑ„ÄÇ„Äç,36,153,0,11,1,22,60,3200556,33563,233
_osirWLu-Gk,„ÅäËèìÂ≠ê„ÇíÈ£ü„Åπ„Çã„Å®Ê≠Ø„Åå„Å™„ÅÑ‰∏ñÁïå„Å´ÔºÅÔºü‚Üí‰Ωï„ÇíË®Ä„Å£„Å¶„Çã„ÅÆ„Åã„Çè„Åã„Çâ„Åö...,33,0,0,9,0,24,60,4619007,102161,136
0ns2xH_12wM,„Äê„Ç¢„Éã„É°„Äë‰ø°„Åò„Çâ„Çå„Å™„ÅÑÈáè„ÅÆ„Éî„Ç∂„Éù„ÉÜ„Éà„ÅåÂ±ä„ÅÑ„ÅüË©± #„ÇÜ„Çã„Åã„ÅÑ #Áä¨È§ä #Êó•Â∏∏,37,23,11,10,2,24,38,2711568,73934,440
PpwxgzCkxzM,„ÄåÁßëÂ≠¶„ÅÆÂ∏åÊúõ„ÄÅÈùô„Åã„Å´ÊÅØÁµ∂„Åà„Åü„Åπ„Ç¨„Éë„É≥„ÇØ„Äç#„ÉØ„É≥„Éî„Éº„Çπ #onepiece #„ÉØ„É≥„Éî„Éº„ÇπÈù¢ÁôΩ„ÅÑ„Ç∑„Éº„É≥ #„ÉØ„É≥„Éî„Éº„ÇπÊÑüÂãï„Ç∑„Éº„É≥ #„ÉØ„É≥„Éî„Éº„ÇπÊúÄÊñ∞Ë©±,71,0,0,9,3,22,37,1886255,29898,392
CK_OM2oIIBE,„Äê„Éç„Çø„ÄëÂèçÊäóÊúü„ÅåÂº∑„Åô„Åé„Å¶Ëçâ„ÄêÁàÜÁ¨ë„Äë,17,163,0,9,3,20,14,2325502,35330,310
Xo7Ew5yapD8,ÊòºÊôÇ„ÅØÊà¶Â†¥„ÅÆÈ£üÂ†Ç,8,64,0,9,4,23,11,1539899,39304,228
Z08F-ofQ7_M,È´òÊ†°ÁîüÊ¥ª„Åß„ÅÆÁ¨ë„ÅÑÊ≠ª„Å¨Áû¨Èñìwww    #ÈùíÊò• #È´òÊ†°Áîü,27,0,0,4,2,23,48,2510508,33297,94
kOosVIMpSOg,„É©„É≥„Éú„Éº„Åå100ÂØæ1„ÅßÂãù„Å§ÊñπÊ≥ï,15,60,0,10,2,22,74,2083125,38093,255
vcHueOsLSRw,ÂΩº„ÅØÊú¨Êù•„ÄÅ„Çè„Åö„Åã6000‰∏á„Å†„Åë„ÅßÊ∏à„Çì„Å†„ÅØ„Åö„Å†„ÄÇ#„Ç¢„Ç¶„Éà„É¨„Ç§„Ç∏,30,254,0,9,6,22,60,4503639,22501,154
Yb3W-ZBsYbQ,Avengers: Endgame#shorts,24,0,0,2,2,22,55,2397614,47045,220
uBIp2-IkfzE,Á´•Á£®„ÅÆÊò†ÁîªÂÜôÁúü„ÇíÊèè„ÅÑ„Å¶„Åø„Åü#„Ç§„É©„Çπ„Éà #anime #È¨ºÊªÖ„ÅÆÂàÉ #art #procreate #Á´•Á£®,51,0,0,4,2,22,30,2924208,72783,433
nbaJCDoe2mA,„Äê2ch ÊÑüÂãï„Äë„Éú„É≠„Éú„É≠„ÅÆ„ÅäÂÆà„Çä#2ch,20,0,0,9,3,22,60,1514374,29735,208
YddWEjsBNkc,‰∏ñÁïåÊúÄÈÄü „Éê„Ç§„ÇØ Âä†ÈÄü,11,0,0,8,0,24,38,2356468,14483,143
8R6F20ChAN4,Á´ã‰ΩìÈßêËªäÂ†¥„ÅßÁÑ°‰∫∫„ÅÆ„Ç¶„É´„Çπ„Åå‰∫ãÊïÖ„Çâ„Çå„Å¶500‰∏á„ÅÆ‰øÆÁêÜ‰ª£„Å´ #„Çä„Å£„Åç„ÉºÁ§æÈï∑ #„É©„É≥„Éú„É´„ÇÆ„Éº„Éã,44,0,0,12,2,22,61,1215695,2592,203
TUK137dVE-8,Conflit fou : un conducteur descend de sa voiture face √† un bus ! #roadrage,75,0,0,16,4,19,54,88783064,1371173,16159
SSyUwn5aynU,Ë≤∑„Çè„Å™„ÅÑÊñπ„Åå„ÅÑ„ÅÑÔºÅÔºüÁµ∂ÊúõÁöÑ„Å´ÈÅãËª¢„ÅÆÁñ≤„Çå„ÇãËªä5ÈÅ∏ #ËªäÂ•Ω„Åç #„Éâ„É©„Ç§„Éñ #È´òÁ¥öËªä #Ëªä #Áñ≤„Çå„Çã #„Éà„É®„Çø,52,13,0,9,5,2,60,2292080,4304,173
OURz8cM54rg,„Éë„É≥„ÇØ„Åó„Å¶„ÇÇËµ∞„ÇäÁ∂ö„Åë„ÇãÔºüÈ©öÁï∞„ÅÆËá™Â∑±‰øÆÂæ©„Çø„Ç§„É§ÔºÅ,23,58,4,1,6,27,55,1582976,11721,406
53BN0ItKhLE,„Ç¢„Ç¶„Éá„Ç£R8 ÂØæ „É©„É≥„Éú„É´„ÇÆ„Éº„Éã„Éª„Ç¶„É´„Çπ @unemployedexotics,39,94,0,11,0,22,43,850896,7624,234
OxHBAsXRKMA,„Çª„Éº„Éï„ÉÜ„Ç£„Ç´„Éº„Åß„Éâ„É™„Éï„Éà„Åô„Çã„É¨„Éô„ÉÅ„Å™F1 #shorts,28,31,0,13,2,24,15,2702275,21865,180
g1Jv0QniP-U,Motorcycle Gang Teaches a Spoiled Couple Some Respect #kindness #gratitude #humanity,84,0,10,15,1,15,32,71912444,683620,5593
PQznauEL0JA,„Ç®„É≥„Ç∏„É≥„Éà„É©„Éñ„É´,8,0,0,23,2,22,58,2290979,56276,106
H0LlIz66tnM,R35„ÅÆÂøÉËáì„Å®ËÑ≥„ÇíÁßªÊ§ç„Åó„ÅüR32,16,561,5,12,6,2,61,789981,10469,329
i58zUOrvIKk,„äóÔ∏è100‰∏áÂÜçÁîüÔºÅÔºÅ„ÇØ„É©„Ç¶„É≥„Åå„Éë„Éà„Ç´„Éº„Å®„Åó„Å¶Êé°Áî®„Åï„Çå„Çã„ÉØ„Ç±#„ÇØ„É©„Ç¶„É≥#„Éë„Éà„Ç´„Éº#Ëªä„ÅÆÈõëÂ≠¶,44,0,0,8,4,22,61,1254070,4127,176
zm4nJOVAtR0,Cute Rider's beside youü§≠ #viral #funny #motovlog #trending #top #motorcycle #bike #bikelover #shorts,100,0,0,16,3,22,19,3041761,26362,135
QTrDhripD4A,„äóÔ∏è300‰∏áÂÜçÁîüÔºÅ„Éà„É®„Çø„ÅÆÊúÄÈ´òÁ¥öËªä„ÇíÈüìÂõΩ„Åå„Éë„ÇØ„É™„Å†„Å®È®í„ÅÑ„Å†Êú´Ë∑Ø„Å´‰∏ñÁïå„ÅåÁµ∂Âè•„Åó„ÅüÁêÜÁî±,41,152,0,8,6,22,59,3310679,27970,1372
_hmO7P7ivKw,„Äê„Éè„Ç§„Ç®„Éº„Çπ„Å£„Å¶...„Äë#„Éè„Ç§„Ç®„Éº„Çπ #„Éè„Ç§„Ç®„Éº„Çπ„Ç´„Çπ„Çø„É† #hiace #toyota #„ÉØ„É≥„Éú„ÉÉ„ÇØ„Çπ #„Ç´„Çπ„Çø„É† #ËªäÂ•Ω„Åç #Ëªä‰∏≠Ê≥ä #ËªäÂ•Ω„Åç„Å®Áπã„Åå„Çä„Åü„ÅÑ #ÊÑõËªäÁ¥π‰ªã,85,0,0,8,2,2,30,1490122,2242,57
9l6HlZpuuLs,ËªäÂ•Ω„Åç„Å™ÁßÅ„Å®‰∏ÄÁ∑í„Å´„ÅÑ„Çã„Å®„ÄÅ„Åì„ÅÜ„Å™„ÇãÔºÅ  #„Ç∏„É†„Éã„Éº #Ëªä #jimny #„Ç´„Çπ„Çø„É†„Ç´„Éº,43,0,0,10,3,22,61,413691,6770,472
5g0ERJOOBJ8,„ÄêË∂Ö„Çπ„Ç´„ÉÉ„Å®„ÄëÁÖΩ„Å£„Å¶„Åç„ÅüÊÆã„ÇØ„É¨„Ç¢„É´„Éï„Ç°„Éº„Éâ„Åæ„Åï„Åã„ÅÆ„Éó„É™„Ç¶„Çπ„Éü„Çµ„Ç§„É´„ÅßÊàêÊïóü§£ü§£ü§£#shorts,46,382,50,7,1,20,36,7245088,14795,271
kHbvRhau6i8,ÂàùË¶ã„Åß„ÅØÂàÜ„Åã„Çâ„Å™„ÅÑ„Ç∏„É†„Éã„Éº„ÅÆ‰ªïÊßò„ÄÄ#shorts,24,582,12,10,2,2,59,1330351,4036,72
kaRCS-OusIU,„Ç≠„É£„ÉñËªä„Å´‰πó„ÇãÂΩºÂ•≥„Å£„Å¶„ÅÇ„ÇäÔºü„Å™„ÅóÔºü#„Éï„Çß„Ç¢„É¨„Éá„Ç£z #s30z #„ÅÑ„ÅÑ„Å≠ #Êó•Â∏∏ #ÂæÄÂπ¥„ÅÆÂêçËªä #ËªäÂ•Ω„Åç #„ÇØ„É©„Ç∑„ÉÉ„ÇØ„Ç´„Éº #ÊÇ™È≠î„ÅÆÂßâÂ¶π,68,0,0,12,4,2,48,755031,4414,129
f_aoyw3_Ob4,Where do you put your wheel nuts!? #shorts,42,0,0,14,0,2,10,1687445,15786,79
pcnWncCY0Q8,High endAtmosphereUpscale #CarDoorAnticollision Strip Recommended üò±üò±üöò,69,580,1,9,5,22,10,11190851,18997,85
10Cu81W-t0E,Absolute idiot drives away with boot on his wheel,49,0,0,5,5,22,21,16846741,149787,8587
uP9YHoNOTCo,Âä™Âäõ„ÅØÂ†±„Çè„Çå„Çã„ÅãÔºüÊÑõÁü•ÁúåË≠¶„ÉªÂ•≥ÊÄßÁôΩ„Éê„Ç§ÈöäÂì° The amazing riding skills of Japanese female police motorcycle officers,93,30,11,11,6,2,62,2717061,11556,424
DsH6IGcEzAI,ATËªä„ÅÆÈñìÈÅï„Å£„ÅüÁü•Ë≠ò,10,170,22,10,1,2,65,245178,2011,108
yy-3Ymj_EQ0,Truck Big Hole Tyre crossing #automobile #dieselengine #dieselpower #mechanic #truck #offroad #4x4,98,0,0,1,2,2,19,24001874,414604,741
X4JjwkAHpX8,„Éú„É≠ÂûãËêΩ„Å°Â§ñËªä„Åå1850‰∏áÂÜÜ„ÅßËêΩÊú≠„Åï„Çå„ÅüÁêÜÁî±,22,166,11,12,2,2,39,311812,2716,88
NHtRcXepwYU,Â´å„Å™‰∫ã‰ª∂„Å†„Å£„Åü„Å≠ #shorts #„Éà„É®„Çø #„Éõ„É≥„ÉÄ #Êó•Áî£,30,0,15,11,3,22,20,217170,2800,172
Ed6fVWzCVcc,Ëªä„ÇíÁúü„Å£‰∫å„Å§„Å´Âàá„Å£„ÅüÁî∑„ÅÆÊåëÊà¶,14,186,0,2,4,10,48,3130791,0,379
zHPqqFW71Eo,Â∏´Âå†„ÅåË©¶‰πóËæûÈÄÄ‚Ä¶1580cc„Åß„ÇÇ„Å§„ÅÑ„Å¶„ÅÑ„Åë„Å™„ÅÑÊò≠Âíå„ÅÆÁàÜÈÄü250cc„ÅÆ‰∏ñÁïå„Äê„Åæ„Åï„Åã„ÅÆÂ§ßÁâ©‰ø≥ÂÑ™„ÉªË•øÊùëÂíåÂΩ¶„Åï„ÇìÂá∫Êºî„Äë,55,2399,15,8,4,24,1812,584312,7331,512
fm13rKvlT9A,Forest Harvester: built to handle the toughest logging jobs,59,593,0,5,1,25,11,7814390,31926,239
JKPzBg3WL6A,R33 GT-R Wagon Build,20,136,0,15,3,2,39,846119,5301,205
H56XUMPWUVY,HANA / BAD LOVE -Music Video-,29,4267,16,9,0,10,243,5414478,179336,11277
C-CYwNz3z8w,DECO*27 - „É¢„Éã„Çø„É™„É≥„Ç∞ (Best Friend Remix) feat. ÂàùÈü≥„Éü„ÇØ,47,1443,0,10,4,10,183,9884578,561161,16699
UJgPpzZcxGU,Fujii Kaze - Prema [Official video],35,3061,0,4,4,10,274,4057448,133663,7837
tNrNzF6xVN8,Snow Man '„Ç´„É™„Çπ„Éû„ÉÉ„ÇØ„Çπ' Dance Practice,33,1245,20,8,0,10,196,6418788,175110,15808
_cf4UTe1qrY,ÔºùLOVEÔºà„Ç§„Ç≥„Éº„É´„É©„ÉñÔºâ/ 19th Single„Äé„É©„Éñ„ÇΩ„É≥„Ç∞„Å´Ë•≤„Çè„Çå„Çã„Äè„ÄêMV full„Äë,47,4013,34,9,5,10,227,3112992,66523,7133
Jjojd47bu-s,Mrs. GREEN APPLE presents„ÄéCEREMONY„Äè [Mrs. GREEN APPLE / „Ç±„Çª„É©„Çª„É©],62,812,0,8,1,10,308,978153,40081,1111
4mPtFbzszCk,„ÄêMV„ÄëCUTIE STREET„Äé„Åã„Çè„ÅÑ„ÅÑ„Åï„Åå„Åó„Å¶„Åè„Çå„Åæ„Åô„ÅãÔºü„Äè,32,4898,16,12,5,24,211,1340806,40330,4190
5oQVTnq-UKk,aespa ÏóêÏä§Ìåå 'Rich Man' MV,23,539,16,4,4,10,210,28672662,771132,29462
gZNQs3jA7aE,TREASURE - ‚ÄòPARADISE‚Äô M/V,25,1476,54,9,0,24,184,48445829,292432,119175
XMKwc6RiAn8,RIP SLYME - One / THE FIRST TAKE,32,2811,14,13,2,10,327,1507659,39038,3599
PRAKebEIdac,SO BAD,6,282,3,15,3,10,240,1022863,22833,1106
cf2krp4Gl9E,Casket Girl,11,476,6,4,4,10,246,820165,16177,357
wQQtS4vr5mY,BÁ¥öÔºècovered by Êàå‰∫•„Å®„Åì,18,388,18,12,1,10,198,663626,47834,594
SXDGRnNuiIc,A„Åá! group -„ÄåÂ∏∏Â§úÁÅØ„Äçfrom„ÄåA„Åá! group LIVE TOUR 2025 D.N.A„Äç2025.3.26 Ê®™Êµú„Ç¢„É™„Éº„ÉäÂÖ¨Êºî,70,1573,21,13,6,24,239,527530,29067,5459
O7-0WvsNFiA,I Need U Back,13,410,6,4,4,10,187,651453,11873,364
XLD6CBji5kY,ÂàùÊòüÂ≠¶Âúí „Äå„Éä„Ç§„ÉØ„ÄçLyric Video (HATSUBOSHI GAKUEN - NAIWA),49,1232,8,13,2,10,187,433626,22224,1019
pbZ6Rn0qUfA,SKY-HI / At The Last -from THE LAST PIECE-,42,1922,64,10,6,10,224,550689,23762,1080
DdP0CsOuI2E,miwa„Äé„Éí„Ç´„É™„Éò„Äè√ó„Éâ„É©„Éû„Äé„É™„ÉÉ„ÉÅ„Éû„É≥„ÄÅ„Éó„Ç¢„Ç¶„Éº„Éû„É≥„ÄèSpecial Music Video,47,1345,11,12,0,10,295,556220,15890,566
078bfJD5TSw,HANA / Tiger -1st FANMEETING„ÄéHANA with HONEYs„Äè Live Performance-,64,622,19,8,3,10,293,2581484,92659,4458
Mqiq05tK9pE,BE:FIRST / Secret Garden -from THE LAST PIECE-,46,2046,52,13,0,10,224,1166994,43077,1882
yDn-kWG4_NI,GReeeeNÔºàGRe4N BOYZÔºâ/„ÄåÊÑõÂîÑ„Äç,24,1370,19,11,4,10,238,1079316,10349,381
Ep2YT4w26u8,ZOCX Êà¶ÊÖÑ„Åã„Å™„ÅÆ„Äémore„Åç„ÇÖ„ÇìÂ•¥Èö∑„ÄèMusic Video,32,414,24,9,1,10,220,336557,36908,1071
lGIsXwJWBjQ,„Ç∑„Éì„É´„Ç¢„Ç§,5,215,4,10,2,10,179,284541,14418,0
PBbiXhdUapM,King & Prince LIVE TOUR 24-25 ÔΩûRe:ERAÔΩû in DOME Digest,53,1930,19,11,4,24,322,271639,24842,2229
cr5FkeMj8kU,„Äê‰∏ªÈ°åÊ≠åMV„Äë Êò†Áîª„ÄéÂõΩÂÆù„ÄèÔΩú‰∏ªÈ°åÊ≠å„ÄåLuminance„ÄçÂéüÊë©Âà©ÂΩ¶ feat. ‰∫ïÂè£ ÁêÜÔºàKing GnuÔºâ,54,948,32,3,5,10,279,4017488,49315,1282
ZkyFOuvLwT8,„ÄêMV„ÄëCreepy Nuts - „Å°„ÇÖ„Å†„ÅÑ,22,3177,19,13,4,10,103,240886,21226,1036
tl2luF-JRlU,CHAEYOUNG ‚ÄúSHOOT (Firecracker)‚Äù M/V,35,709,8,3,4,10,182,1116073,199172,21930
HnYtDIW7elY,ZEROBASEONE (Ï†úÎ°úÎ≤†Ïù¥Ïä§Ïõê) 'ICONIK' MV,32,272,27,9,0,10,194,50958166,187712,27906
kBZbpvprHwc,„Éî„Éº„Éä„ÉÉ„ÉÑ„Åè„Çì - Stop Motion feat. È≠îÁïå„Éé„Çä„Çä„ÇÄ (Official Music Video),57,1055,9,12,6,23,210,1263538,63087,1640
RME5gMjcmug,SixTONES ‚Äì Stargaze -Making√óLyric Video-,40,1442,15,13,3,10,243,218046,28419,1829
fltshMuCCjQ,Ëá™ÂàÜ„Å´‰ª£Êâì„Åã„ÇôÂá∫„Åï„Çå„Åü„Åì„Å®„Å´Âõ∞ÊÉë„Åô„ÇãÂ§ßË∞∑„Åã„ÇôÈù¢ÁôΩ„Åô„Åç„Çô„Çã!! #ÈáéÁêÉ #„É°„Ç∏„É£„Éº„É™„Éº„Ç∞,43,0,0,9,0,22,20,11339659,105684,408
WjAROOvF7pA,„Éú„Éº„É´„Åï„Åà‰∏äÊâã„ÅèËπ¥„Çã„Å®8ÂÑÑ5ÂçÉ‰∏áÂÜÜ,17,2,0,2,2,22,27,5004807,45417,647
jYslBJVO1x4,Âãù„Å¶„Åù„ÅÜ„Å™„Å£„ÅüÁû¨Èñì„Ç∫„É´„Åô„Çãw,14,0,0,9,0,22,14,6427307,66418,631
0blkQr6pTkM,Â§ßË∞∑„Åå„Éï„Ç°„É≥„ÇíÂ•™„ÅÜÊñπÊ≥ï,11,0,0,1,4,1,60,2201953,54203,429
7H4Jrqqoo_M,„Çπ„Éî„Éº„Éâ„ÄÅ„Éú„Ç∞„Éê„Å´„Çµ„ÉÉ„Ç´„Éº„Åß„Ç≥„ÉÜ„É≥„Éë„É≥„Å´„Åï„ÇåÊøÄÊÄíÔºÅÔºüÂúßÂÄíÁöÑ„Å™ÂÆüÂäõÂ∑ÆÔºÅÔºÅ,35,76,14,3,3,24,44,2588317,54700,352
snHL_CRp7jI,ÊÉ≥ÂÉè„ÇÇ„Å§„Åã„Å™„ÅÑË∑ùÈõ¢„Åã„ÇâÂÖ®Âì°„ÇíÊ¨∫„ÅÑ„Åü„É≠„Éä„Ç¶„Ç∏„Éº„Éã„Éß„ÅÆ„Éï„É™„Éº„Ç≠„ÉÉ„ÇØ!!!,34,0,0,11,3,17,27,2106865,11744,96
IRc_e9LUt0A,Â§ßË∞∑„ÄÅÊâìÊíÉÂ¶®ÂÆ≥„ÅÆ„Åõ„ÅÑ„Åß„Éõ„Éº„É†„É©„É≥1Êú¨Â§±„Å£„Å¶„Åó„Åæ„ÅÜ„Äê„Éâ„Ç∏„É£„Éº„ÇπÂ§ßË∞∑ÁøîÂπ≥„Äë #ÈáéÁêÉ,39,265,9,6,3,17,20,2182963,6171,181
#NAME?,„ÄêÁàÜÁ¨ë„ÄëÈ†º„ÇÄ„Åã„ÇâÊôÆÈÄö„Å´„Çµ„ÉÉ„Ç´„Éº„Åó„Å¶„Åè„ÇåÔΩóÔΩó„ÄêÈù¢ÁôΩ„ÅÑ„Äë,26,161,0,10,4,20,18,9723889,86137,2537
z6MIHw7CRLE,‰∫åÂ∫¶„Å®„Å™„ÅÑÂ•áË∑°ÁöÑ„Å™„Ç∑„Éº„É≥,12,0,0,5,4,22,22,2147918,60438,908
qvneihJOEDs,Â§ßÁÇé‰∏ä„Åó„ÅüÈÅ∏Êâã„ÅÆÁñëÊÉë„ÇíÊô¥„Çâ„Åó„Åü„Ç´„É°„É©Êò†ÂÉè,20,0,0,12,5,24,24,6044330,72132,863
ei2fHecG6A8,„ÉÅ„É£„É≥„Éî„Ç™„É≥„ÇíË¶ãÊäú„Åë„Å™„Åã„Å£„ÅüÁî∫„ÅÆ„Ç≥„Éº„ÉÅ„ÅÆÊú´Ë∑Ø,22,2,0,2,1,23,29,3323622,35439,468
aKXYA-V84PM,„Çπ„Éî„É≥„Ç∑„Éß„ÉÉ„Éà„ÅÆÊ•µÊÑè„ÄÄ#shorts,18,16,5,9,0,24,33,3842721,49499,183
9vPTnKzgoGE,ÈáéÁêÉ„ÅÆÂ∞ë„ÅóÈõ£„Åó„ÅÑ„É´„Éº„É´„Å´„Çà„Å£„Å¶1ÁÇπ„ÇíÂ•™„ÅÜ #„Éó„É≠ÈáéÁêÉ #ÈáéÁêÉ,30,0,0,7,6,27,59,4581900,19148,1138
ecj6KaKNYa8,ÂêâÁî∞Ê≤ô‰øùÈáå„ÅÆÈ≠ÖÂäõ„ÅåÂçäÁ´Ø„Å™„ÅÑÔºÉ„É¨„Çπ„É™„É≥„Ç∞ÔºÉ„Éê„É©„Ç®„ÉÜ„Ç£,25,0,0,10,3,22,40,10831605,162348,2460
1absKTVMctE,„Éê„ÉÉ„ÉÜ„Ç£„É≥„Ç∞„Çª„É≥„Çø„Éº‰ª§ÂíåÁâà!!#Èô£ÂÜÖÊô∫Ââá #„Éç„Çø„Ç∏„É≥ #„Éê„ÉÉ„ÉÜ„Ç£„É≥„Ç∞„Çª„É≥„Çø„Éº#shorts,45,332,5,10,0,24,60,3999855,36772,96
QeGbFkYRQWA,Wada Sato üáØüáµüèê ‡∏ô‡πà‡∏≤‡∏£‡∏±‡∏Å‡∏à‡∏£‡∏¥‡∏á #volleyball #‡∏ß‡∏≠‡∏•‡πÄ‡∏•‡∏¢‡πå‡∏ö‡∏≠‡∏• #volleyballworld #japanvolleyball #‡∏ß‡∏≠‡∏•‡πÄ‡∏•‡∏¢‡πå‡∏ö‡∏≠‡∏•‡∏´‡∏ç‡∏¥‡∏á,98,0,0,6,4,22,10,9582467,29263,236
5CNvUDon9NM,Â∞ëÂπ¥ÈáéÁêÉ „Éô„É≥„ÉÅ„ÇØ„É™„Ç¢Ôºü,12,36,0,8,2,17,39,2216908,17716,328
AiIZ_NWNe8U,„ÅÇ„Åæ„Çä„Å´„ÇÇÁóõ„ÅÑ„Éó„É¨„Éº #shorts,18,27,0,9,3,24,14,1840543,31123,468
OtrlK5CbZyQ,‰πÖ‰øùÂª∫Ëã±„Å´„ÅÑ„Åò„Çâ„Çå„ÇãÂâçÁî∞Â§ßÁÑ∂ #„Çµ„ÉÉ„Ç´„Éº,20,0,0,13,1,17,15,2541028,19057,375
f92z7jXv43M,‰∫åÂõû„ÇÇË™§ÂØ©„Çí„Åï„Çå„Åü„ÅÆ„Å´Êâì„Å°Á†¥„Å£„Å¶„Åó„Åæ„ÅÜÂ§ßË∞∑„Åï„Çì,23,0,0,11,4,22,27,4736395,32664,1220
YFTo3QjawMk,„ÄåÂêåÊúü„Å´Á™Å„ÅçÊîæ„Åï„Çå„Åü„ÄçÁâßÂéüÂ§ßÊàê„Å´Èñ¢„Åô„ÇãÈõëÂ≠¶„ÄÄ#„Éó„É≠ÈáéÁêÉ #Á¶èÂ≤°„ÇΩ„Éï„Éà„Éê„É≥„ÇØ„Éõ„Éº„ÇØ„Çπ #ÂåóÊµ∑ÈÅìÊó•Êú¨„Éè„É†„Éï„Ç°„Ç§„Çø„Éº„Ç∫,56,56,0,11,2,22,59,1709088,29803,246
XsjvCTkZjp8,„Éï„Ç©„Ç¢„Éú„Éº„É´„ÅßÊ≠©„ÅÑ„Å¶‰∫åÂ°Å„Åæ„ÅßË°å„Å£„Åü„Éê„ÉÉ„Çø„Éº,21,2,0,2,2,1,30,1691171,9379,103
eVQHiFKHvOM,„Äå„ÇÇ„ÅÜ„Ç≥„Ç§„ÉÑ„Å®ÁµÑ„Åø„Åü„Åè„Å™„ÅÑ„Å≠„Äç„ÉÄ„É´„Éì„ÉÉ„Ç∑„É•„ÄÅ„Éñ„ÉÅ„ÇÆ„É¨„Ç≥„É°„É≥„Éà„ÇíÊÆã„Åô,33,200,2,8,3,17,43,1319952,18394,21
IFeydj5PSyk,„Äê‰ºùË™¨„Äë„Çø„Ç§„Ç¨„Éº„ÇπÂ•≥Â≠ê„ÅÆÂâõÈÄüÁêÉ„Åå„Ç®„Ç∞„Åô„Åé„ÇãÔºÅ #ÂßãÁêÉÂºè #ÈáéÁêÉÂ•≥Â≠ê #Èò™Á•û„Çø„Ç§„Ç¨„Éº„Çπ,42,608,7,12,2,17,19,1422643,4953,40
treBAX3m_pY,„Ç®„É©„ÉºÈÄ£Áô∫„ÅÆ„É©„ÉÉ„Ç∑„É≥„Ç∞„Å´ÊÄ•Â§â„Åô„ÇãÂ§ßË∞∑„Å´Êµ∑Â§ñ„Éï„Ç°„É≥„ÅåÊÄØ„Åà„Çã,28,44,7,21,6,17,61,3129944,30876,697
7uj1wLEs4zI,„Ç≥„Çô„Éº„É´Ââç„Å¶„Çô„Éõ„Çô„Éº„É´ÈÅä„Å≤„Çô„Çí„Åó„ÅüGK„ÅÆÊú´Ë∑Ø #„Çµ„ÉÉ„Ç´„Éº,28,0,0,9,2,22,20,1244832,1582,21
Sw3qOVdg2SA,MLBÂè≤‰∏äÊúÄÈ´ò„ÅÆ„Éê„ÉÉ„Éà„Éï„É™„ÉÉ„Éó,15,2,0,6,1,1,40,1936515,19977,121
me9ozQbYzJs,ÂÜÖÂÅ¥Ëµ∞„Å£„ÅüÔºÅÂà§ÂÆö„ÇÅ„Åê„Çä„Ç¢„É°„É™„Ç´Áõ£Áù£„Éñ„ÉÅ„ÇÆ„É¨ÈÄÄÂ†¥‚Ä¶  ‰æç„Ç∏„É£„Éë„É≥„ÄÄÈ´òÊ†°Êó•Êú¨‰ª£Ë°®vs„Ç¢„É°„É™„Ç´„ÄÄ„ÄÄ#È´òÊ†°ÈáéÁêÉ #‰æç„Ç∏„É£„Éë„É≥ #wbsc #Ë™§ÂØ©   #Êó•Êú¨‰ª£Ë°® #Áî≤Â≠êÂúí,81,0,0,14,3,17,14,1146385,1847,264
5RJWTmk1pNE,„Äé„Åì„Çì„Å™„Çì‰∏ÄÂõûÊà¶Ë≤†„Åë„Å®Âêå„Åò„Åò„ÇÉ„Çì„Äè„Ç§„ÉÅ„É≠„Éº„ÅåÁèç„Åó„ÅèËã¶Ë®Ä„ÇíÂëà„Åó„ÅüÁêÜÁî±„ÅØ‚Ä¶#„Ç§„ÉÅ„É≠„Éº,40,0,0,9,2,22,59,1431955,5855,179
dqfMfCg7sGg,„ÄêÂÖ´ÊùëÂ°Å„ÄëÂØå„Å®ÂêçÂ£∞„ÇíÂæó„Å¶Âπ∏„Åõ„Å´„Å™„Å£„ÅüÔºü#ÊàêÁî∞ÊÇ†Ëºî  #ÂÖ´ÊùëÂ°Å #NBA #„É¨„Ç§„Ç´„Éº„Ç∫  #„Éê„Çπ„Ç±„ÉÉ„Éà„Éú„Éº„É´ #„Éê„Çπ„Ç± #Êó•Êú¨ #„Ç¢„É°„É™„Ç´ #BLACKSAMURAI,82,255,3,3,3,25,52,1421709,9790,268
B4ZOlKAGdx4,Nintendo Direct 2025.9.12,25,360,15,14,4,24,3970,6997359,124712,0
S5l8r8AtUVo,„Äê1/8192„Äë100‰∏á‰∫∫ËÄê‰πÖÈÖç‰ø°„Äê„Å´„Åò„Åï„Çì„Åò/„Ç∞„Ç¶„Çß„É´„Éª„Ç™„Çπ„Éª„Ç¨„Éº„É´„Äë,36,206,16,18,4,20,19516,814144,49976,948
8WCEhUhyEJA,„ÉÅ„Éº„Éà„Çí‰Ωø„Å£„Å¶„Éñ„É¨„Ç§„É≥„É≠„ÉÉ„Éà„ÇíÁõó„ÇÄ„É≠„Éñ„É≠„ÉÉ„ÇØ„Çπ (Roblox),32,133,24,7,5,20,797,159235,3430,428
Cvly9we24xU,ÊúÄÂº∑„ÅÆ„Éñ„É¨„Ç§„É≥„É≠„ÉÉ„Éâ„Åå‰ª≤Èñì„Å´„Å™„Å£„Åü„Éû„Ç§„É≥„ÇØ„É©„Éï„Éà2„Äê „Éû„Ç§„ÇØ„É© / „Éû„Ç§„É≥„ÇØ„É©„Éï„Éà „Äë,43,888,7,2,5,20,1224,163316,1345,45
22oUOztp-88,„ÄêÂÖ¨Âºè„Äë„ÄéPok√©mon LEGENDS Z-A„ÄèFinal Trailer,38,708,23,14,4,20,190,1022123,0,2111
YOTDz4m5aJk,„Äê„Éë„ÉÅ„Çπ„É≠ÁîüÈÖç‰ø°„ÄëÁ•ûÂ•àÂ∑ùÁúå„Ç¢„Éì„ÉêÈñ¢ÂÜÖÂ∫ó„ÅßÊù±‰∫¨Âçç„É™„Éô„É≥„Ç∏„É£„Éº„Ç∫ÔºÅ‰ªäÊó•„ÅØ„Åæ„Åö„ÅØ‰∏áÊûö„Åã„ÇâÔºÅPACHINKO SLOTÁîüÊîæÈÄÅ„Éë„ÉÅ„É≥„Ç≥„Éë„ÉÅ„Çπ„É≠ÂÆüÊà¶ÔºÅ9/13,73,817,0,5,5,24,17836,312462,2563,2
qJtgDHe6apc,„Äê#2„Äë„Éä„É´„ÉÜ„Ç£„É°„ÉÉ„Éà„Çπ„Éà„Éº„É†Ôºì„Åô„Çã„Åó„ÇÖ„Å∞„ÅÇ„ÅÇ„ÅÇ„ÅÇ„ÅÇ„ÅÇ„ÅÇ„ÅÇ„ÅÇ„ÅÇ„ÅÇ„ÅÇ„ÅÇ„ÅÇ„ÅÇ„ÅÇ„ÅÇ„ÅÇ„ÅÇ„ÅÇ„ÅÇÔºÅÔºÅÔºÅÔºÅÔºÅ„Äê‚Äª„Éç„Çø„Éê„É¨„ÅÇ„Çä„Äë,56,1675,45,7,5,20,13182,269561,8500,144
cA9GcVHzwV8,„ÄéÂ¥©Â£äÔºö„Çπ„Çø„Éº„É¨„Ç§„É´„ÄèVer.3.6„ÄåÈï∑„ÅçÂ§ú„Å´ÂÜç„Å≥Â§ßÂú∞„Å∏„Äç‰∫àÂëäÁï™ÁµÑ,33,309,0,12,4,24,2374,479924,16549,335
JllWjYkUhZA,100ÂÑÑÂÜÜ„Éû„Ç§„É≥„ÇØ„É©„Éï„Éà„Å´Ë™≤Èáë„Åó„Å¶ÊúÄÂº∑„ÅÆ„ÉØ„Éº„É´„Éâ‰Ωú„Å£„Å¶„Åø„ÅüÔºÅ„Äê„Ç≥„É≥„Éà„Äë,35,600,6,1,5,23,543,83366,2400,101
muU4Z-mgRjo,„Äê ELDEN RING NIGHTREIGN „ÄëÈ´òÈõ£ÊòìÂ∫¶„É¢„Éº„Éâ„ÄåÊ∑±„ÅçÂ§ú„ÄçÊ∑±Â∫¶ÔºìÔΩûÔºÅÔºÅÁéãË¶áÂ±±„ÄÅ„ÅØ„Åò„ÇÅ„Å¶„ÅÆÂ§úÊ∏°„Çä„ÄÇÔºà ÈõÜ„Åà„ÄÅÂ§ú„ÇíÊ∏°„ÇãËÄÖ„Åü„Å°„Çà„ÄÇ Ôºâ„Äê „Å´„Åò„Åï„Çì„Åò‚îäÔ∏éËëâÂ±±ËàûÈà¥ „Äë,87,3622,75,5,5,20,42901,187936,1814,3
ZW1kAFuMX_I,#49 ÂçöÁâ©È§®„ÅÆ„ÅäÂÆù„Çí„Ç≥„É≥„Éó„É™„Éº„Éà„Åó„Åü„Çâ„Å®„Çì„Åß„ÇÇ„Å™„ÅÑ„Åì„Å®„ÅåËµ∑„Åç„ÅüÔºÅüíéüëë„Äê Wobbly Life / „Ç¶„Ç©„Éñ„É™„Éº„É©„Ç§„Éï „Äë,61,1873,6,1,5,20,3691,150295,3317,244
cIGPU7blKaI,„Éê„É´„Çª„É≠„Éä„ÅÆ„Éù„Éº„Ç´„Éº‰∏ñÁïåÂ§ß‰ºö„Åß1ÂÑÑÂãù„Å°„Éó„É≠„ÇÆ„É£„É≥„Éñ„É©„Éº„ÅåÂÑ™Âãù7000‰∏áÂÜÜ„ÅÆ„Éà„Éä„É°„ÅßË¶öÈÜí‚Ä¶„Åì„ÅÆÁî∑„ÄÅ‰ªäÂπ¥„ÅØ‰Ωï„ÅãÈÅï„ÅÜ‚Ä¶ÔºÅÔºÅÔºü„ÄêEPT„Éê„É´„Çª„É≠„Éä 2025 #2„Äë,77,1330,20,11,4,24,1237,464880,5030,328
ZePr6KJfpQY,„ÄêÁîüÊîæÈÄÅ„ÄëÊù±‰∫¨„É™„Éô„É≥„Ç∏„É£„Éº„Ç∫„ÄÅ„Å∂„Çì„Åæ„Çè„ÅôÔºÅ,21,73,0,6,5,24,19635,195457,1025,0
DOjCVPCJvWQ,„ÄåNintendo Direct 2025.9.12„Äç„ÇíË¶ã„ÇãÂä†Ëó§Á¥î‰∏Ä„Äê2025/09/12„Äë,46,1949,6,6,5,24,2637,90131,1234,775
L_B_wM7x21Y,"UFA2025„ÅÆ""ÂõΩÂà•ÂØæÊäó5on5""„Å´Êó•Êú¨‰ª£Ë°®„Å®„Åó„Å¶Âá∫Â†¥„Åó„ÄÅ„Ç¢„É°„É™„Ç´‰ª£Ë°®„Å®„ÅÆÊøÄÈóò„ÇíÂà∂„ÅóÂÑ™Âãù„Åô„Çã„ÉÅ„Éº„É†JAPAN„Äê„Ç¶„É°„Éè„É©/„ÇÇ„Åë/„Å≤„Åê„Å°/„Åì„Å∞„ÇÑ„Çì„Äë„ÄêÁ´ãÂ∑ù/CR/„Çπ„Éà6„Äë",84,1383,13,4,5,20,2256,147808,3956,280
v_oUgesbkN8,„Äê„Éù„Ç±Âã¢Ê≠ìÂñú„Äë„Éã„É≥„ÉÜ„É≥„Éâ„Éº„ÉÄ„Ç§„É¨„ÇØ„Éà„Åß„É§„Éê„ÅÑÁô∫Ë°®„Åç„Åü„Çì„Å†„Åë„Å©wwwwwwww,38,1050,0,18,4,20,1546,239598,3961,394
mcDOsC2twxE,„ÄêÊÇ≤Â†±„Äë„É°„É≥„Éê„Éº„ÅåAI„Å´„Å™„Å£„Å¶„ÇÇË™∞„Å´„ÇÇÊ∞ó„Å•„Åã„Çå„Åæ„Åõ„Çì„Åß„Åó„Åü„ÄÇ„Äê„Éû„Ç§„ÇØ„É©„Äë,36,1293,13,9,4,20,1567,388478,14110,505
VTTfUC4MUZs,ÈÄüÂ†±ÔºÅ„Éâ„É©„Ç¥„É≥„ÇØ„Ç®„Çπ„ÉàVII Reimagined,25,841,4,14,4,20,211,289374,0,0
CgLJPsoKo-M,„ÄêLTK 2-2-1„Äë2ÊôÇ„Åã3ÊôÇ„Åã4ÊôÇ„Åã5ÊôÇ„Å´ÁµÇ„Çè„Çã „Äê„Ç´„Çπ„Çø„É†„ÄÄ2„Äë,35,3299,20,20,4,20,18697,253740,3623,14
BdryfsRoqVQ,„ÄêAmong Us#292„ÄëÁõÆ„ÅÆÂâç„ÅßÈ£ü‰∫ã„Åô„ÇãÂ¶ñÁãêÔºÅ„Éê„É¨„Å¶„ÇÇÈÄèÊòéÂåñ„ÅßÈÄÉ„ÅíÂõû„ÇåÔºÅÔºÅÔºÅ„Äê„ÇÜ„Å£„Åè„ÇäÂÆüÊ≥Å„Äë,48,2444,0,7,5,20,1036,53505,4438,217
Xh0PQb7RtN8,„Äê#4„ÄëEIKO„Åå„Éê„Ç§„Ç™„Éè„Ç∂„Éº„Éâ1„Ç∏„É´Á∑®„ÇíÁîüÈÖç‰ø°ÔºÅ„Äê„Ç≤„Éº„É†ÂÆüÊ≥Å„Äë,32,558,0,14,4,20,7401,295257,4937,158
D8jiZGsuzVM,„Ç≥„Éº„ÉÅ„É≥„Ç∞‰∏≠„ÄÅ1‰∫∫„Éï„É©„É≥„ÇπË™û„ÅÆÂãâÂº∑„Å´Âã§„Åó„ÇÄËëõËëâ„Äê„Å´„Åò„Åï„Çì„Åò/Âàá„ÇäÊäú„Åç/ËëõËëâ/k4sen/Â§©Â∏ù„Éï„Ç©„É´„ÉÜ/„ÇÜ„Åç„Åä/„ÇÜ„Éº„Åò„Åä/„Å®„Åä„Åì/„Ç∞„É©„Éã„ÉÉ„Éà/LTK2„Äë,75,676,0,21,4,20,963,89649,1015,37
AJRLLB0RNL4,„ÄêÂâç‰∫∫Êú™Âà∞„Ç∑„É™„Éº„Ç∫„ÄëÂä†Ëó§Á¥î‰∏Ä„ÅÆ„Éû„Ç§„É≥„ÇØ„É©„Éï„Éà„ÉÄ„Ç§„Ç∏„Çß„Çπ„Éà„Äê2025/09/07ÂâçÁ∑®„Äë,42,987,4,15,4,20,4785,140486,1309,185
l6GpKcUQ9l8,„ÄêÂ§™Èºì„ÅÆÈÅî‰∫∫„Äë ÈÅî‰∫∫3Êõ≤ÁõÆÈñã„Åë„Çã„ÅûÔºÅ ÊÆµ‰ΩçÈÅìÂ†¥2025 ÂàùÊó•ÊîªÁï•ÈÖç‰ø°,34,541,1,23,4,20,6790,75028,728,10
lACcfO1odWI,‰ªäÂõû„ÅÆÂãïÁîª„Åã„Çâ„ÅäÂâç„ÅåÂæó„Çã„Åπ„ÅçÊïôË®ì„ÅØ...„Ç≥„É©„Éú„ÇíË¶ã„Åü„ÇâË©êÊ¨∫Â∏´„Å®ÊÄù„Åà„Å®„ÅÑ„ÅÜ„Åì„Å®„Å†„ÄêÂåñÁâ©Ë™û„Ç¨„ÉÅ„É£„Äë„Äê„É¢„É≥„Çπ„Éà„Äë,53,382,10,5,5,20,1100,70090,1258,267
70796knfRMM,„Éã„É≥„ÉÜ„É≥„Éâ„Éº„ÉÄ„Ç§„É¨„ÇØ„Éà 2025.9.12„ÅßË°ùÊíÉ„ÇíÂèó„Åë„Åü„Éã„É•„Éº„Çπ„Åæ„Å®„ÇÅ,35,1228,10,22,4,20,1303,156221,1752,425
Rl6yf3LV3NI,‰∏ñÁïå‰∏≠„ÅßÂ§ßÊµÅË°å„Åó„Å¶„ÅÑ„ÇãÂπºÁ®öÂúí„ÅåËàûÂè∞„ÅÆ„Éõ„É©„Éº„Ç≤„Éº„É†„Äé„Ç¨„Éº„ÉÜ„É≥„Ç™„Éñ„Éê„É≥„Éê„É≥ 8 & 0 „Äè,43,890,14,10,3,20,13516,992710,27591,2373
AeLDfcMEVqI,AI„ÅåÊõ∏„ÅÑ„Åü„Ç§„É©„Çπ„Éà„ÅßBINGO„Å£„Å¶„Åß„Åç„Çã„ÅÆÔºü„Äê„Éû„Ç§„É≥„ÇØ„É©„Éï„Éà„Äë,32,1208,18,8,4,20,1559,337775,16735,1107
1Qj9uHfMDhc,VALORANT Champions Paris ‚Äî Group Stage Day 1,44,966,2,18,4,20,22229,280620,2785,9
V_MkBgtcK10,„ÄêÈõëË´á„Äë3ÈÄ£‰ºë„Åç„ÅüÔºÅÔºÅÔºÅÈÅìÂ°û„ÅêÂç±Èô∫„Éâ„É©„Ç§„Éê„ÉºÊçï„Åæ„Åà„Çç„ÇÑË≠¶ÂØü#shorts,36,277,45,5,5,20,4296,245950,585,0
xmu0qHzEhaY,„ÄêË∂ÖÊµ™Ë≤ªÂÆ∂„ÅÆÂÆüÊÖã„ÄëÂπ¥Âèé2000‰∏áÂÜÜ‚Åâ„Å™„ÅÆ„Å´ÊØéÊúàÂÖ®È°ç‰Ωø„Å£„Å¶„Åó„Åæ„ÅÜ47Ê≠≥Ë≥áÁî£0ÂÜÜ„ÅÆÁîüÊ¥ª,41,2055,4,10,1,26,2576,104014,2272,245
alFPMS56Jtc,"new furniture, apartment updates & productive days | homebody diaries",69,735,15,12,2,22,1218,63448,1953,104
NhgCfvN84RE,‚ö†Ô∏èË≠¶Âëä‚ö†Ô∏è Âú∞Èúá„ÅÆË£è„Å´ÊΩú„ÇÄ‰∏ñÁïå„ÅÆÈóá„ÇÇ„ÅÜ‰ªñ‰∫∫‰∫ã„Åß„ÅØ„Å™„ÅÑ‚ÄºÔ∏è,29,1315,0,8,6,24,416,48264,0,341
NYmbL5cel-g,„Äê„Ç∏„É£„Éº„Éä„É™„É≥„Ç∞ÂÆåÂÖ®„Ç¨„Ç§„Éâ„ÄëÊõ∏„Åè„Å†„Åë„ÅßÂ§â„Çè„ÇãÔºÅÂäπÊûúÁöÑ„Å™„ÇÑ„ÇäÊñπ„Å®NGË°åÂãï,35,2232,73,9,4,22,959,42192,1951,0
CDOSi53b_jQ,"1‰∫∫ÊöÆ„Çâ„ÅóÈÉ®Â±ã„ÅÆ„Ç¢„ÉÉ„Éó„Éá„Éº„Éà/AM6ÊôÇ„Å´Ëµ∑„Åç„Å¶Èï∑„ÅÑ1Êó•„ÇíÊ∫ÄÂñ´,„Ç¢„Çµ„Ç§„Éº„Éú„Ç¶„É´‰Ωú„Çä,„ÇΩ„É≠„Éî„ÇØ„Éã„ÉÉ„ÇØ,Ë¶™Â≠êÈ£≤„Åøüç∫ Vlog",59,874,0,10,4,22,731,11886,269,38
QgomVG_apVM,Riding a Level 4 Self-Driving Waymo X Jaguar: Full AI Experience | Gobinath #shorts,83,2071,15,13,1,22,161,1083194,12576,114
Pgruye15D_Q,First Defender 130x v8 2025  Full Review | Ankit Baiyanpuria,60,0,0,11,6,17,687,315340,11718,494
MQoColHyGzQ,"Saiyaara Full Song | Ahaan Panday, Aneet Padda | Tanishk Bagchi, Faheem A, Arslan N | Irshad Kamil",98,3399,25,7,4,10,344,9603803,104304,3812
asG7cwxi1sA,"Saiyaara Reprise - Female | Full Song | Ahaan, Aneet | Tanishk, Faheem, Arslan | Shreya | Irshad",96,3393,24,5,3,10,184,3919542,85406,2848
KQp_7QVTK58,Trance of OMI - #TheyCallHimOG | Pawan Kalyan | Emraan Hashmi | Sujeeth | Thaman S | DVV Danayya,96,2587,16,13,3,10,174,3263332,242668,5710
4Bsc2uI_LsM,"Oorum Blood | Dude | Pradeep Ranganathan, Mamitha | Sai Abhyankkar| Keerthiswaran|Paal Dabba| Mythri",100,4077,24,12,3,10,269,20090062,255496,11758
nq2i2VyrF2c,"Baaghi 4: Marjaana (Lyrics) | Tiger Shroff, Harnaaz, Sanjay D, Sonam B | B Praak, Siddhaant, Sameer",99,1535,25,5,6,10,338,5249413,105623,1885
dNkxyOnHOug,Salt & England Smash Records | ENG vs SA | 2nd T20I | Highlights | South Africa Tour Of England 2025,100,1191,22,22,4,24,1240,2162273,54385,1762
v7Me2Po5Kpg,Whose ball was THAT?! üòÖ,23,1376,16,12,5,17,32,26122785,464344,1593
cYaHc4wzb84,Distance Cricket Challenge üèè,28,571,7,7,6,17,84,7099967,275893,892
MF9eMbFXiQg,Can You Guess The Player? üí¶‚öΩÔ∏è,29,9,0,15,4,17,25,9090351,125578,392
jLehJOwFTco,Bat-Signing Moment with Virat Kohli - Rinku Singh | Raj Shamani #shorts,71,1253,20,16,1,22,62,1594685,65512,69
G7ldAOW9uj8,A Five-Over Thriller | ENG vs SA | 1st T20I | Highlights | South Africa Tour Of England 2025,92,718,21,22,2,17,844,1496057,24889,411
2jdPFN0S0V8,DOMINIK MYSTERIO IS THE AAA MEGA CHAMPION‚ÄºÔ∏è‚ÄºÔ∏è,45,1673,23,4,5,17,43,500086,12813,157
iy2Bslh_EoI,IND vs UAE Asia Cup 2025: ‡§Ø‡•Ç‡§è‡§à ‡§ó‡•á‡§Ç‡§¶‡§¨‡§æ‡§ú Simranjeet Singh ‡§®‡•á ‡§¨‡§§‡§æ‡§Ø‡§æ ‡§ï‡•ç‡§Ø‡•ã‡§Ç ‡§≠‡§æ‡§∞‡§§ ‡§õ‡•ã‡§°‡§º ‡§¶‡•Ç‡§∏‡§∞‡•á ‡§¶‡•á‡§∂ ‡§∏‡•á ‡§ñ‡•á‡§≤‡•á,98,1343,27,13,2,17,62,598066,14491,50
dbM6h0FlpqA,Is Indian Cricket Team's Jersey Jinxed ? ü§Øüíµ | Kuldeep Singhaniaa #shorts,72,0,0,12,5,22,68,6967596,237904,2929
Q404AdZ43FY,India vs Pakistan ‡§Æ‡•á ‡§ñ‡§æ‡§≤‡•Ä ‡§∞‡§π‡•á‡§ó‡§æ Dubai ‡§ï‡§æ stadium? | Asia Cup | @RJRaunac‚Äã,73,1353,23,3,5,24,259,350317,19799,6212
BEq7GlcS7kQ,Delhi Premier League 2025: Rana vs Rathi Tensions Ignite on the Field,69,79,0,9,5,17,83,5285162,173268,1504
2n8gdRqORo4,Asia Cup 2025: India vs Pakistan ‡§Æ‡•à‡§ö ‡§ï‡•ã ‡§∞‡§¶‡•ç‡§¶ ‡§ï‡§∞‡§®‡•á ‡§ï‡•Ä ‡§Ø‡§æ‡§ö‡§ø‡§ï‡§æ ‡§™‡§∞ Supreme Court ‡§ï‡•ç‡§Ø‡§æ ‡§¨‡•ã‡§≤‡§æ? #short,94,0,0,15,3,25,60,1049887,41859,2608
Dcb1rCGO3xw,Asia Cup 2025: IND beats UAE by 9 wickets within 4.3 overs !,60,563,4,18,2,24,335,628707,20405,875
E0z4fL3FJ1M,Naveen Kumar Injury | Manpreet Singh Speaks | PKL Season 12 | #Shorts,69,84,0,17,0,17,33,1363171,49563,146
UcU67xgPkbc,"Rinku Singh Podcast : Asia Cup, Struggles, Love, Virat Kohli & MSD | FO406 Raj Shamani",86,4858,32,15,1,22,7151,728836,22949,1830
4nlWxDnaBUc,Can India Defend Their Asia Cup Title? #Aakashvani,50,0,0,3,0,17,107,959739,53553,610
38OyrX2lVTk,How Baseballs Are Made ü§î,24,0,0,12,0,19,36,19621563,812677,4390
RVsIkgXUwSc,Yikes üò≠ (via louie_lends/IG),28,297,2,1,3,17,11,13342614,379810,6080
82JtHJ2oL7E,üö® BETWAY SA20 SEASON 4 AUCTION | LIVE STREAM üö®,46,668,31,19,1,17,26321,253230,4646,36
7O8jGE01IV0,Asia Cup 2025 ‡§ï‡•ã ‡§≤‡•á‡§ï‡§∞ ‡§¶‡•á‡§ñ‡§ø‡§è ‡§ï‡•à‡§∏‡•á Australia ‡§ñ‡§ø‡§≤‡§æ‡•ú‡§ø‡§Ø‡•ã‡§Ç ‡§®‡•á ‡§ï‡§∞‡•Ä ‡§≠‡§µ‡§ø‡§∑‡•ç‡§Ø‡§µ‡§æ‡§£‡•Ä ‡§á‡§∏ ‡§ü‡•Ä‡§Æ ‡§ï‡•ã ‡§¨‡§§‡§æ‡§Ø‡§æ ‡§µ‡§ø‡§ú‡•á‡§§‡§æ,93,1080,0,17,4,17,376,40881,355,18
hGhbSX_6wMQ,Empty Seats at Asia Cup 2025: What‚Äôs Behind the Disengagement?| Sports Tak,74,2553,26,2,4,17,263,204307,3788,1145
u5EGFeW-KdE,India Cruise Past UAE! | Dewald Brevis SA20‚Äôs Costliest Buy! | RR CEO Quits! What's Happening in RR?,100,448,19,7,3,17,1335,98668,3671,283
egbNnk9iS8M,‡∞ü‡±Ä‡∞Æ‡±ç‚Äå‡∞ï‡±Å ‡∞Ö‡∞µ‡∞∏‡∞∞‡∞Æ‡±Å‡∞®‡±ç‡∞® ‡∞™‡±ç‡∞∞‡∞§‡±Ä‡∞∏‡∞æ‡∞∞‡±Ä ‡∞™‡∞æ‡∞Ø‡∞ø‡∞Ç‡∞ü‡±ç‡∞∏‡±ç ‡∞é‡∞≤‡∞æ ‡∞∏‡∞æ‡∞ß‡∞ø‡∞Ç‡∞ö‡∞æ‡∞≤‡±ã ‡∞µ‡∞ø‡∞ú‡∞Ø‡±ç ‡∞Æ‡∞æ‡∞≤‡∞ø‡∞ï‡±ç‚Äå‡∞ï‡±Å ‡∞¨‡∞æ‡∞ó‡∞æ ‡∞§‡±Ü‡∞≤‡±Å‡∞∏‡±Å! üî•| #PKL12,90,188,1,3,6,17,97,242476,7851,11
zB78DEty_U8,Coaches Anup Kumar & Ajay Thakur relieve their early days of glory before they faceoff as rivals,96,634,0,14,0,17,93,272616,14936,38
r5LNB750wTM,FINALLY I ESCAPED THE PRISON,28,1136,13,15,4,20,3689,2957208,161424,8541
AxXFi5Vmbyw,[HINDI] 2025 OnePlus Android BGMS Season 4 | Grand Finals - Day 1,65,1071,15,15,4,20,14027,3184012,114124,658
